sure_s,kazanan_drone_id,kazanan_teklif_puani,enlem_deg,boylam_deg,mutlak_irtifa_m,bagil_irtifa_m,home_mesafesi_m,hedef_mesafesi_m
0.018,3,102.292,47.397966,8.5461682,0.229,0.008,0.0,2.238
0.036,3,102.292,47.397966,8.5461682,0.229,0.008,0.0,2.238
0.056,3,102.292,47.397966,8.5461682,0.229,0.0,0.0,2.238
0.077,3,102.292,47.397966,8.5461682,0.229,0.0,0.0,2.238
0.096,3,102.292,47.397966,8.5461682,0.229,0.0,0.0,2.238
0.117,3,102.292,47.397966,8.5461682,0.229,0.0,0.0,2.238
0.137,3,102.292,47.397966,8.5461682,0.229,0.0,0.0,2.238
0.156,3,102.292,47.397966,8.5461682,0.229,0.0,0.0,2.238
0.176,3,102.292,47.397966,8.5461682,0.229,0.0,0.0,2.238
0.197,3,102.292,47.397966,8.5461682,0.229,0.0,0.0,2.238
0.217,3,102.292,47.397966,8.5461682,0.229,0.0,0.0,2.238
0.237,3,102.292,47.397966,8.5461682,0.228,0.0,0.0,2.238
0.256,3,102.292,47.397966,8.5461682,0.228,0.0,0.0,2.238
0.277,3,102.292,47.397966,8.5461682,0.228,0.0,0.0,2.238
0.297,3,102.292,47.397966,8.5461682,0.228,0.0,0.0,2.238
0.317,3,102.292,47.397966,8.5461682,0.228,-0.001,0.0,2.238
0.336,3,102.292,47.397966,8.5461682,0.228,-0.001,0.0,2.238
0.356,3,102.292,47.397966,8.5461682,0.228,-0.001,0.0,2.238
0.376,3,102.292,47.397966,8.5461682,0.228,-0.001,0.0,2.238
0.396,3,102.292,47.397966,8.5461682,0.228,-0.001,0.0,2.238
0.417,3,102.292,47.397966,8.5461682,0.228,-0.001,0.0,2.238
0.437,3,102.292,47.397966,8.5461682,0.228,-0.001,0.0,2.238
0.457,3,102.292,47.397966,8.5461682,0.227,-0.001,0.0,2.238
0.477,3,102.292,47.397966,8.5461682,0.227,-0.001,0.0,2.238
0.497,3,102.292,47.397966,8.5461682,0.227,-0.001,0.0,2.238
0.517,3,102.292,47.397966,8.5461682,0.227,-0.002,0.0,2.238
0.537,3,102.292,47.397966,8.5461682,0.227,-0.002,0.0,2.238
0.556,3,102.292,47.397966,8.5461682,0.227,-0.002,0.0,2.238
0.58,3,102.292,47.397966,8.5461682,0.227,-0.002,0.0,2.238
0.597,3,102.292,47.397966,8.5461682,0.226,-0.002,0.0,2.238
0.617,3,102.292,47.397966,8.5461682,0.226,-0.002,0.0,2.238
0.638,3,102.292,47.397966,8.5461682,0.226,-0.002,0.0,2.238
0.656,3,102.292,47.397966,8.5461682,0.226,-0.002,0.0,2.238
0.677,3,102.292,47.397966,8.5461682,0.226,-0.002,0.0,2.238
0.697,3,102.292,47.397966,8.5461682,0.226,-0.002,0.0,2.238
0.717,3,102.292,47.397966,8.5461682,0.226,-0.002,0.0,2.238
0.739,3,102.292,47.397966,8.5461682,0.226,-0.003,0.0,2.238
0.756,3,102.292,47.397966,8.5461682,0.226,-0.003,0.0,2.238
0.777,3,102.292,47.397966,8.5461682,0.226,-0.003,0.0,2.238
0.797,3,102.292,47.397966,8.5461682,0.226,-0.003,0.0,2.238
0.817,3,102.292,47.397966,8.5461682,0.226,-0.003,0.0,2.238
0.836,3,102.292,47.397966,8.5461682,0.226,-0.003,0.0,2.238
0.857,3,102.292,47.397966,8.5461682,0.226,-0.003,0.0,2.238
0.877,3,102.292,47.397966,8.5461682,0.225,-0.003,0.0,2.238
0.898,3,102.292,47.397966,8.5461682,0.225,-0.003,0.0,2.238
0.917,3,102.292,47.397966,8.5461682,0.225,-0.003,0.0,2.238
0.937,3,102.292,47.397966,8.5461682,0.225,-0.004,0.0,2.238
0.956,3,102.292,47.397966,8.5461683,0.225,-0.004,0.008,2.244
0.977,3,102.292,47.397966,8.5461683,0.225,-0.004,0.008,2.244
0.996,3,102.292,47.397966,8.5461683,0.225,-0.004,0.008,2.244
1.017,3,102.292,47.397966,8.5461683,0.225,-0.004,0.008,2.244
1.036,3,102.292,47.3979661,8.5461683,0.225,-0.004,0.013,2.24
1.057,3,102.292,47.3979661,8.5461683,0.224,-0.004,0.013,2.24
1.076,3,102.292,47.3979661,8.5461683,0.224,-0.004,0.013,2.24
1.097,3,102.292,47.3979661,8.5461683,0.224,-0.005,0.013,2.24
1.118,3,102.292,47.3979661,8.5461683,0.224,-0.005,0.013,2.24
1.137,3,102.292,47.3979661,8.5461683,0.224,-0.005,0.013,2.24
1.156,3,102.292,47.3979661,8.5461683,0.223,-0.005,0.013,2.24
1.176,3,102.292,47.3979661,8.5461683,0.223,-0.006,0.013,2.24
1.197,3,102.292,47.3979661,8.5461683,0.223,-0.006,0.013,2.24
1.217,3,102.292,47.3979661,8.5461683,0.223,-0.006,0.013,2.24
1.237,3,102.292,47.3979661,8.546168399999999,0.222,-0.006,0.019,2.246
1.257,3,102.292,47.3979661,8.546168399999999,0.222,-0.006,0.019,2.246
1.277,3,102.292,47.3979661,8.546168399999999,0.222,-0.007,0.019,2.246
1.297,3,102.292,47.3979661,8.546168399999999,0.222,-0.007,0.019,2.246
1.317,3,102.292,47.3979661,8.546168399999999,0.221,-0.008,0.019,2.246
1.337,3,102.292,47.3979661,8.546168399999999,0.221,-0.008,0.019,2.246
1.357,3,102.292,47.3979661,8.546168399999999,0.22,-0.008,0.019,2.246
1.376,3,102.292,47.3979661,8.546168399999999,0.22,-0.009,0.019,2.246
1.403,3,102.292,47.3979661,8.546168399999999,0.22,-0.009,0.019,2.246
1.419,3,102.292,47.3979661,8.546168399999999,0.219,-0.009,0.019,2.246
1.437,3,102.292,47.3979661,8.546168399999999,0.219,-0.01,0.019,2.246
1.457,3,102.292,47.3979661,8.546168399999999,0.219,-0.01,0.019,2.246
1.476,3,102.292,47.3979661,8.546168399999999,0.218,-0.01,0.019,2.246
1.498,3,102.292,47.3979661,8.546168399999999,0.218,-0.011,0.019,2.246
1.517,3,102.292,47.3979661,8.546168399999999,0.218,-0.011,0.019,2.246
1.536,3,102.292,47.3979661,8.546168399999999,0.217,-0.011,0.019,2.246
1.556,3,102.292,47.3979661,8.546168399999999,0.217,-0.011,0.019,2.246
1.576,3,102.292,47.3979662,8.546168399999999,0.217,-0.012,0.027,2.241
1.597,3,102.292,47.3979662,8.546168399999999,0.217,-0.012,0.027,2.241
1.617,3,102.292,47.3979662,8.546168399999999,0.217,-0.012,0.027,2.241
1.637,3,102.292,47.3979662,8.546168399999999,0.216,-0.012,0.027,2.241
1.657,3,102.292,47.3979662,8.546168399999999,0.216,-0.012,0.027,2.241
1.677,3,102.292,47.3979662,8.546168399999999,0.216,-0.012,0.027,2.241
1.696,3,102.292,47.3979662,8.546168399999999,0.216,-0.012,0.027,2.241
1.717,3,102.292,47.3979662,8.546168399999999,0.216,-0.013,0.027,2.241
1.737,3,102.292,47.3979662,8.546168399999999,0.216,-0.013,0.027,2.241
1.757,3,102.292,47.3979662,8.546168399999999,0.216,-0.013,0.027,2.241
1.776,3,102.292,47.3979662,8.546168399999999,0.216,-0.013,0.027,2.241
1.796,3,102.292,47.3979662,8.546168399999999,0.215,-0.013,0.027,2.241
1.817,3,102.292,47.3979662,8.546168399999999,0.215,-0.013,0.027,2.241
1.836,3,102.292,47.3979662,8.546168399999999,0.215,0.0,0.027,2.241
1.857,3,102.292,47.3979662,8.546168399999999,0.215,0.0,0.027,2.241
1.877,3,102.292,47.3979662,8.546168399999999,0.215,0.0,0.027,2.241
1.897,3,102.292,47.3979662,8.546168399999999,0.215,0.0,0.027,2.241
1.917,3,102.292,47.3979662,8.546168399999999,0.215,0.0,0.027,2.241
1.937,3,102.292,47.3979662,8.546168399999999,0.214,0.0,0.027,2.241
1.956,3,102.292,47.3979662,8.546168399999999,0.214,-0.001,0.027,2.241
1.977,3,102.292,47.3979662,8.546168399999999,0.214,-0.001,0.027,2.241
1.997,3,102.292,47.3979662,8.546168399999999,0.214,-0.001,0.027,2.241
2.017,3,102.292,47.3979662,8.546168399999999,0.214,-0.001,0.027,2.241
2.036,3,102.292,47.3979662,8.546168399999999,0.214,-0.001,0.027,2.241
2.056,3,102.292,47.3979662,8.546168399999999,0.214,-0.001,0.027,2.241
2.076,3,102.292,47.3979662,8.546168399999999,0.214,-0.001,0.027,2.241
2.097,3,102.292,47.3979662,8.546168399999999,0.214,-0.001,0.027,2.241
2.117,3,102.292,47.3979662,8.546168399999999,0.214,-0.001,0.027,2.241
2.137,3,102.292,47.3979662,8.546168399999999,0.214,-0.001,0.027,2.241
2.157,3,102.292,47.3979662,8.546168399999999,0.214,-0.001,0.027,2.241
2.177,3,102.292,47.3979662,8.546168399999999,0.214,-0.001,0.027,2.241
2.196,3,102.292,47.3979662,8.546168399999999,0.214,-0.001,0.027,2.241
2.217,3,102.292,47.3979662,8.546168399999999,0.214,-0.001,0.027,2.241
2.24,3,102.292,47.3979662,8.546168399999999,0.214,0.0,0.027,2.241
2.256,3,102.292,47.3979662,8.546168399999999,0.214,0.0,0.027,2.241
2.276,3,102.292,47.3979662,8.546168399999999,0.215,0.0,0.027,2.241
2.296,3,102.292,47.3979662,8.546168399999999,0.215,0.0,0.027,2.241
2.317,3,102.292,47.3979661,8.546168399999999,0.215,0.0,0.019,2.246
2.336,3,102.292,47.3979661,8.546168399999999,0.215,0.0,0.019,2.246
2.356,3,102.292,47.3979661,8.546168399999999,0.215,0.0,0.019,2.246
2.377,3,102.292,47.3979661,8.546168399999999,0.215,0.0,0.019,2.246
2.397,3,102.292,47.3979661,8.546168399999999,0.216,0.0,0.019,2.246
2.418,3,102.292,47.3979661,8.546168399999999,0.216,0.0,0.019,2.246
2.436,3,102.292,47.3979661,8.546168399999999,0.216,0.0,0.019,2.246
2.457,3,102.292,47.3979661,8.546168399999999,0.216,0.0,0.019,2.246
2.477,3,102.292,47.3979661,8.546168399999999,0.216,0.001,0.019,2.246
2.497,3,102.292,47.3979661,8.546168399999999,0.217,0.001,0.019,2.246
2.517,3,102.292,47.3979661,8.546168399999999,0.217,0.001,0.019,2.246
2.537,3,102.292,47.3979661,8.546168399999999,0.217,0.001,0.019,2.246
2.557,3,102.292,47.3979661,8.546168399999999,0.217,0.001,0.019,2.246
2.577,3,102.292,47.3979661,8.546168399999999,0.217,0.001,0.019,2.246
2.596,3,102.292,47.3979661,8.546168399999999,0.217,0.001,0.019,2.246
2.617,3,102.292,47.3979661,8.546168399999999,0.217,0.001,0.019,2.246
2.636,3,102.292,47.3979661,8.546168399999999,0.217,0.001,0.019,2.246
2.656,3,102.292,47.3979661,8.546168399999999,0.217,0.001,0.019,2.246
2.677,3,102.292,47.3979661,8.546168399999999,0.217,0.001,0.019,2.246
2.696,3,102.292,47.3979661,8.546168399999999,0.217,0.001,0.019,2.246
2.717,3,102.292,47.3979661,8.546168399999999,0.217,0.001,0.019,2.246
2.737,3,102.292,47.3979661,8.546168399999999,0.217,0.001,0.019,2.246
2.756,3,102.292,47.3979661,8.546168399999999,0.217,0.001,0.019,2.246
2.776,3,102.292,47.3979661,8.546168399999999,0.217,0.001,0.019,2.246
2.796,3,102.292,47.3979661,8.546168399999999,0.217,0.001,0.019,2.246
2.817,3,102.292,47.3979661,8.546168399999999,0.216,0.001,0.019,2.246
2.836,3,102.292,47.3979661,8.546168399999999,0.216,0.0,0.019,2.246
2.856,3,102.292,47.3979661,8.546168399999999,0.216,0.0,0.019,2.246
2.877,3,102.292,47.3979661,8.546168399999999,0.216,0.0,0.019,2.246
2.896,3,102.292,47.3979661,8.546168399999999,0.216,0.0,0.019,2.246
2.921,3,102.292,47.3979661,8.546168399999999,0.216,0.0,0.019,2.246
2.941,3,102.292,47.3979661,8.546168399999999,0.216,0.0,0.019,2.246
2.961,3,102.292,47.3979661,8.546168399999999,0.216,0.0,0.019,2.246
2.981,3,102.292,47.3979661,8.546168399999999,0.216,0.0,0.019,2.246
3.001,3,102.292,47.3979661,8.546168399999999,0.216,0.0,0.019,2.246
3.021,3,102.292,47.3979661,8.546168399999999,0.216,0.0,0.019,2.246
3.041,3,102.292,47.3979661,8.546168399999999,0.216,0.0,0.019,2.246
3.061,3,102.292,47.3979661,8.546168399999999,0.216,0.0,0.019,2.246
3.081,3,102.292,47.3979661,8.546168399999999,0.216,0.0,0.019,2.246
3.101,3,102.292,47.3979661,8.546168399999999,0.216,0.001,0.019,2.246
3.121,3,102.292,47.3979661,8.546168399999999,0.217,0.001,0.019,2.246
3.141,3,102.292,47.3979661,8.546168399999999,0.217,0.001,0.019,2.246
3.16,3,102.292,47.3979661,8.546168399999999,0.217,0.001,0.019,2.246
3.181,3,102.292,47.3979661,8.546168399999999,0.217,0.001,0.019,2.246
3.201,3,102.292,47.3979661,8.546168399999999,0.217,0.001,0.019,2.246
3.221,3,102.292,47.3979661,8.546168399999999,0.217,0.002,0.019,2.246
3.241,3,102.292,47.3979661,8.546168399999999,0.218,0.002,0.019,2.246
3.261,3,102.292,47.3979661,8.546168399999999,0.218,0.002,0.019,2.246
3.281,3,102.292,47.3979661,8.546168399999999,0.218,0.002,0.019,2.246
3.301,3,102.292,47.3979661,8.546168399999999,0.218,0.002,0.019,2.246
3.321,3,102.292,47.3979661,8.5461683,0.218,0.003,0.013,2.24
3.341,3,102.292,47.3979661,8.5461683,0.219,0.003,0.013,2.24
3.361,3,102.292,47.3979661,8.5461683,0.219,0.003,0.013,2.24
3.38,3,102.292,47.3979661,8.5461683,0.219,0.003,0.013,2.24
3.401,3,102.292,47.3979661,8.5461683,0.219,0.003,0.013,2.24
3.421,3,102.292,47.3979661,8.5461683,0.219,0.003,0.013,2.24
3.441,3,102.292,47.3979661,8.5461683,0.219,0.004,0.013,2.24
3.461,3,102.292,47.3979661,8.5461683,0.22,0.004,0.013,2.24
3.481,3,102.292,47.3979661,8.5461683,0.22,0.004,0.013,2.24
3.501,3,102.292,47.3979661,8.5461683,0.22,0.004,0.013,2.24
3.521,3,102.292,47.3979661,8.5461683,0.22,0.004,0.013,2.24
3.54,3,102.292,47.3979661,8.5461683,0.22,0.005,0.013,2.24
3.563,3,102.292,47.3979661,8.5461683,0.221,0.005,0.013,2.24
3.58,3,102.292,47.3979661,8.5461683,0.221,0.005,0.013,2.24
3.601,3,102.292,47.3979661,8.5461682,0.221,0.006,0.011,2.233
3.621,3,102.292,47.3979661,8.5461682,0.222,0.006,0.011,2.233
3.641,3,102.292,47.3979661,8.5461682,0.222,0.006,0.011,2.233
3.661,3,102.292,47.3979662,8.5461682,0.222,0.007,0.022,2.228
3.681,3,102.292,47.3979662,8.5461682,0.223,0.007,0.022,2.228
3.701,3,102.292,47.3979662,8.5461682,0.223,0.007,0.022,2.228
3.722,3,102.292,47.3979662,8.5461682,0.224,0.008,0.022,2.228
3.741,3,102.292,47.3979662,8.5461682,0.224,0.008,0.022,2.228
3.761,3,102.292,47.3979662,8.5461682,0.225,0.009,0.022,2.228
3.78,3,102.292,47.3979662,8.5461682,0.225,0.009,0.022,2.228
3.801,3,102.292,47.3979662,8.5461682,0.225,0.01,0.022,2.228
3.821,3,102.292,47.3979662,8.5461682,0.226,0.01,0.022,2.228
3.841,3,102.292,47.3979662,8.5461682,0.226,0.011,0.022,2.228
3.861,3,102.292,47.3979662,8.5461682,0.227,0.011,0.022,2.228
3.881,3,102.292,47.3979662,8.5461682,0.227,0.011,0.022,2.228
3.9,3,102.292,47.3979662,8.5461682,0.228,0.012,0.022,2.228
3.921,3,102.292,47.3979662,8.5461682,0.228,0.012,0.022,2.228
3.941,3,102.292,47.3979662,8.5461681,0.228,0.013,0.023,2.221
3.961,3,102.292,47.3979662,8.5461681,0.229,0.013,0.023,2.221
3.981,3,102.292,47.3979662,8.5461681,0.229,0.013,0.023,2.221
4.001,3,102.292,47.3979661,8.5461681,0.23,0.014,0.013,2.226
4.021,3,102.292,47.3979661,8.5461681,0.23,0.014,0.013,2.226
4.041,3,102.292,47.3979661,8.5461681,0.231,0.015,0.013,2.226
4.063,3,102.292,47.3979661,8.5461681,0.231,0.015,0.013,2.226
4.081,3,102.292,47.3979661,8.5461681,0.232,0.016,0.013,2.226
4.1,3,102.292,47.3979661,8.5461681,0.232,0.016,0.013,2.226
4.121,3,102.292,47.3979661,8.5461681,0.232,0.017,0.013,2.226
4.141,3,102.292,47.3979661,8.5461681,0.233,0.017,0.013,2.226
4.161,3,102.292,47.3979661,8.5461681,0.233,0.017,0.013,2.226
4.181,3,102.292,47.3979661,8.5461681,0.234,0.018,0.013,2.226
4.201,3,102.292,47.3979661,8.5461681,0.234,0.018,0.013,2.226
4.224,3,102.292,47.3979661,8.5461681,0.234,0.018,0.013,2.226
4.241,3,102.292,47.3979661,8.5461681,0.235,0.019,0.013,2.226
4.261,3,102.292,47.3979661,8.5461681,0.235,0.019,0.013,2.226
4.281,3,102.292,47.3979661,8.5461681,0.235,0.02,0.013,2.226
4.3,3,102.292,47.3979661,8.5461681,0.236,0.02,0.013,2.226
4.321,3,102.292,47.3979661,8.5461681,0.237,0.021,0.013,2.226
4.341,3,102.292,47.3979661,8.5461681,0.237,0.021,0.013,2.226
4.361,3,102.292,47.3979661,8.5461681,0.239,0.023,0.013,2.226
4.381,3,102.292,47.3979661,8.5461681,0.24,0.024,0.013,2.226
4.402,3,102.292,47.3979661,8.5461681,0.241,0.025,0.013,2.226
4.421,3,102.292,47.3979661,8.5461681,0.243,0.027,0.013,2.226
4.441,3,102.292,47.3979661,8.5461681,0.245,0.029,0.013,2.226
4.463,3,102.292,47.3979661,8.546168,0.247,0.031,0.019,2.219
4.481,3,102.292,47.3979661,8.546168,0.25,0.035,0.019,2.219
4.501,3,102.292,47.3979661,8.546168,0.253,0.037,0.019,2.219
4.521,3,102.292,47.3979661,8.546168,0.257,0.041,0.019,2.219
4.541,3,102.292,47.3979661,8.546168,0.26,0.044,0.019,2.219
4.561,3,102.292,47.3979661,8.546168,0.263,0.048,0.019,2.219
4.581,3,102.292,47.3979661,8.546168,0.269,0.053,0.019,2.219
4.601,3,102.292,47.3979661,8.546168,0.275,0.059,0.019,2.219
4.623,3,102.292,47.3979661,8.546168,0.279,0.063,0.019,2.219
4.64,3,102.292,47.3979661,8.546168,0.286,0.07,0.019,2.219
4.661,3,102.292,47.3979661,8.546168,0.291,0.075,0.019,2.219
4.681,3,102.292,47.3979661,8.546168,0.299,0.083,0.019,2.219
4.701,3,102.292,47.3979661,8.546168,0.305,0.089,0.019,2.219
4.721,3,102.292,47.3979661,8.546168,0.314,0.098,0.019,2.219
4.741,3,102.292,47.3979661,8.546168,0.32,0.104,0.019,2.219
4.761,3,102.292,47.3979661,8.546168,0.33,0.114,0.019,2.219
4.781,3,102.292,47.3979661,8.546168,0.337,0.121,0.019,2.219
4.801,3,102.292,47.397966,8.546168,0.347,0.132,0.015,2.224
4.821,3,102.292,47.397966,8.5461679,0.355,0.139,0.023,2.218
4.841,3,102.292,47.397966,8.5461679,0.367,0.151,0.023,2.218
4.861,3,102.292,47.397966,8.5461679,0.375,0.159,0.023,2.218
4.881,3,102.292,47.397966,8.5461679,0.388,0.172,0.023,2.218
4.901,3,102.292,47.397966,8.5461679,0.397,0.181,0.023,2.218
4.921,3,102.292,47.397966,8.5461679,0.41,0.194,0.023,2.218
4.941,3,102.292,47.397966,8.5461679,0.419,0.204,0.023,2.218
4.961,3,102.292,47.397966,8.5461679,0.434,0.218,0.023,2.218
4.981,3,102.292,47.397966,8.5461679,0.444,0.228,0.023,2.218
5.0,3,102.292,47.397966,8.5461679,0.459,0.243,0.023,2.218
5.021,3,102.292,47.397966,8.5461679,0.469,0.253,0.023,2.218
5.041,3,102.292,47.397966,8.5461679,0.485,0.269,0.023,2.218
5.061,3,102.292,47.397966,8.5461679,0.496,0.28,0.023,2.218
5.08,3,102.292,47.397966,8.5461678,0.513,0.297,0.03,2.211
5.101,3,102.292,47.397966,8.5461678,0.524,0.309,0.03,2.211
5.121,3,102.292,47.397966,8.5461678,0.542,0.326,0.03,2.211
5.141,3,102.292,47.397966,8.5461678,0.554,0.338,0.03,2.211
5.161,3,102.292,47.397966,8.5461678,0.572,0.356,0.03,2.211
5.181,3,102.292,47.397966,8.5461678,0.585,0.369,0.03,2.211
5.201,3,102.292,47.397966,8.5461678,0.604,0.388,0.03,2.211
5.225,3,102.292,47.397966,8.5461678,0.617,0.401,0.03,2.211
5.241,3,102.292,47.397966,8.5461678,0.636,0.42,0.03,2.211
5.261,3,102.292,47.397966,8.5461678,0.65,0.434,0.03,2.211
5.281,3,102.292,47.397966,8.5461678,0.671,0.455,0.03,2.211
5.301,3,102.292,47.397966,8.5461677,0.685,0.469,0.038,2.204
5.321,3,102.292,47.397966,8.5461677,0.706,0.49,0.038,2.204
5.341,3,102.292,47.397966,8.5461677,0.721,0.505,0.038,2.204
5.361,3,102.292,47.397966,8.5461677,0.743,0.527,0.038,2.204
5.381,3,102.292,47.397966,8.5461677,0.758,0.542,0.038,2.204
5.407,3,102.292,47.397966,8.5461677,0.781,0.565,0.038,2.204
5.421,3,102.292,47.397966,8.5461677,0.797,0.581,0.038,2.204
5.441,3,102.292,47.397966,8.5461677,0.821,0.605,0.038,2.204
5.461,3,102.292,47.397966,8.5461677,0.837,0.621,0.038,2.204
5.481,3,102.292,47.397966,8.5461677,0.861,0.645,0.038,2.204
5.501,3,102.292,47.397966,8.5461677,0.877,0.661,0.038,2.204
5.521,3,102.292,47.397966,8.5461677,0.902,0.686,0.038,2.204
5.541,3,102.292,47.397966,8.5461677,0.919,0.703,0.038,2.204
5.563,3,102.292,47.397966,8.5461677,0.943,0.727,0.038,2.204
5.581,3,102.292,47.397966,8.5461677,0.96,0.744,0.038,2.204
5.601,3,102.292,47.397966,8.5461677,0.984,0.769,0.038,2.204
5.621,3,102.292,47.397966,8.5461677,1.001,0.785,0.038,2.204
5.641,3,102.292,47.397966,8.5461677,1.025,0.809,0.038,2.204
5.661,3,102.292,47.397966,8.5461677,1.041,0.825,0.038,2.204
5.681,3,102.292,47.397966,8.5461677,1.064,0.849,0.038,2.204
5.701,3,102.292,47.397966,8.5461677,1.08,0.864,0.038,2.204
5.721,3,102.292,47.397966,8.5461678,1.103,0.887,0.03,2.211
5.741,3,102.292,47.397966,8.5461678,1.118,0.902,0.03,2.211
5.761,3,102.292,47.397966,8.5461678,1.14,0.924,0.03,2.211
5.781,3,102.292,47.397966,8.5461678,1.155,0.939,0.03,2.211
5.801,3,102.292,47.397966,8.5461678,1.176,0.96,0.03,2.211
5.821,3,102.292,47.3979661,8.5461678,1.191,0.975,0.032,2.206
5.841,3,102.292,47.3979661,8.5461679,1.212,0.996,0.025,2.213
5.861,3,102.292,47.3979661,8.5461679,1.226,1.01,0.025,2.213
5.881,3,102.292,47.3979661,8.5461679,1.246,1.031,0.025,2.213
5.901,3,102.292,47.3979661,8.5461679,1.26,1.044,0.025,2.213
5.923,3,102.292,47.3979661,8.5461679,1.281,1.065,0.025,2.213
5.941,3,102.292,47.3979661,8.546168,1.294,1.078,0.019,2.219
5.961,3,102.292,47.3979661,8.546168,1.315,1.099,0.019,2.219
5.981,3,102.292,47.3979661,8.546168,1.328,1.112,0.019,2.219
6.001,3,102.292,47.3979661,8.546168,1.348,1.133,0.019,2.219
6.021,3,102.292,47.3979662,8.546168,1.362,1.146,0.027,2.214
6.041,3,102.292,47.3979662,8.546168,1.382,1.166,0.027,2.214
6.061,3,102.292,47.3979662,8.5461681,1.395,1.179,0.023,2.221
6.081,3,102.292,47.3979662,8.5461681,1.415,1.2,0.023,2.221
6.101,3,102.292,47.3979662,8.5461681,1.429,1.213,0.023,2.221
6.121,3,102.292,47.3979662,8.5461681,1.449,1.233,0.023,2.221
6.141,3,102.292,47.3979662,8.5461681,1.462,1.246,0.023,2.221
6.161,3,102.292,47.3979662,8.5461681,1.482,1.266,0.023,2.221
6.181,3,102.292,47.3979662,8.5461681,1.495,1.28,0.023,2.221
6.201,3,102.292,47.3979662,8.5461681,1.515,1.3,0.023,2.221
6.221,3,102.292,47.3979662,8.5461681,1.529,1.313,0.023,2.221
6.241,3,102.292,47.3979663,8.5461681,1.548,1.333,0.034,2.216
6.261,3,102.292,47.3979663,8.5461681,1.562,1.346,0.034,2.216
6.281,3,102.292,47.3979663,8.5461681,1.581,1.366,0.034,2.216
6.301,3,102.292,47.3979663,8.5461681,1.595,1.379,0.034,2.216
6.321,3,102.292,47.3979663,8.5461681,1.614,1.398,0.034,2.216
6.341,3,102.292,47.3979663,8.5461681,1.627,1.411,0.034,2.216
6.361,3,102.292,47.3979663,8.5461681,1.647,1.431,0.034,2.216
6.381,3,102.292,47.3979663,8.546168,1.66,1.444,0.037,2.209
6.401,3,102.292,47.3979663,8.546168,1.679,1.463,0.037,2.209
6.421,3,102.292,47.3979663,8.546168,1.692,1.476,0.037,2.209
6.441,3,102.292,47.3979663,8.546168,1.711,1.495,0.037,2.209
6.463,3,102.292,47.3979663,8.546168,1.724,1.508,0.037,2.209
6.481,3,102.292,47.3979663,8.546168,1.743,1.527,0.037,2.209
6.501,3,102.292,47.3979663,8.546168,1.756,1.54,0.037,2.209
6.521,3,102.292,47.3979663,8.546168,1.775,1.559,0.037,2.209
6.541,3,102.292,47.3979663,8.546168,1.788,1.572,0.037,2.209
6.561,3,102.292,47.3979663,8.546168,1.807,1.591,0.037,2.209
6.581,3,102.292,47.3979663,8.546168,1.819,1.603,0.037,2.209
6.601,3,102.292,47.3979663,8.5461679,1.838,1.622,0.04,2.203
6.621,3,102.292,47.3979663,8.5461679,1.851,1.635,0.04,2.203
6.641,3,102.292,47.3979663,8.5461679,1.869,1.654,0.04,2.203
6.661,3,102.292,47.3979663,8.5461679,1.882,1.666,0.04,2.203
6.681,3,102.292,47.3979663,8.5461679,1.9,1.685,0.04,2.203
6.7,3,102.292,47.3979663,8.5461679,1.913,1.697,0.04,2.203
6.721,3,102.292,47.3979663,8.5461679,1.931,1.715,0.04,2.203
6.741,3,102.292,47.3979663,8.5461679,1.943,1.727,0.04,2.203
6.761,3,102.292,47.3979663,8.5461679,1.962,1.746,0.04,2.203
6.781,3,102.292,47.3979663,8.5461679,1.974,1.758,0.04,2.203
6.801,3,102.292,47.3979663,8.5461679,1.992,1.776,0.04,2.203
6.821,3,102.292,47.3979663,8.5461679,2.003,1.788,0.04,2.203
6.841,3,102.292,47.3979663,8.5461679,2.021,1.805,0.04,2.203
6.862,3,102.292,47.3979663,8.5461679,2.033,1.817,0.04,2.203
6.881,3,102.292,47.3979663,8.5461679,2.05,1.835,0.04,2.203
6.901,3,102.292,47.3979663,8.5461679,2.062,1.846,0.04,2.203
6.921,3,102.292,47.3979663,8.5461679,2.079,1.863,0.04,2.203
6.941,3,102.292,47.3979663,8.5461679,2.091,1.875,0.04,2.203
6.961,3,102.292,47.3979663,8.5461679,2.108,1.892,0.04,2.203
6.981,3,102.292,47.3979663,8.5461679,2.119,1.903,0.04,2.203
7.001,3,102.292,47.3979663,8.5461679,2.136,1.92,0.04,2.203
7.022,3,102.292,47.3979663,8.5461679,2.147,1.931,0.04,2.203
7.041,3,102.292,47.3979663,8.5461679,2.164,1.948,0.04,2.203
7.061,3,102.292,47.3979663,8.5461679,2.175,1.959,0.04,2.203
7.081,3,102.292,47.3979663,8.5461679,2.191,1.975,0.04,2.203
7.101,3,102.292,47.3979663,8.5461679,2.202,1.986,0.04,2.203
7.121,3,102.292,47.3979663,8.5461679,2.218,2.002,0.04,2.203
7.141,3,102.292,47.3979663,8.546168,2.229,2.013,0.037,2.209
7.161,3,102.292,47.3979662,8.546168,2.245,2.029,0.027,2.214
7.181,3,102.292,47.3979662,8.546168,2.256,2.04,0.027,2.214
7.201,3,102.292,47.3979662,8.546168,2.271,2.055,0.027,2.214
7.221,3,102.292,47.3979662,8.546168,2.282,2.066,0.027,2.214
7.241,3,102.292,47.3979662,8.546168,2.297,2.081,0.027,2.214
7.261,3,102.292,47.3979662,8.546168,2.307,2.092,0.027,2.214
7.281,3,102.292,47.3979662,8.546168,2.323,2.107,0.027,2.214
7.301,3,102.292,47.3979662,8.546168,2.333,2.117,0.027,2.214
7.321,3,102.292,47.3979662,8.546168,2.348,2.132,0.027,2.214
7.341,3,102.292,47.3979662,8.546168,2.358,2.142,0.027,2.214
7.361,3,102.292,47.3979661,8.546168,2.372,2.156,0.019,2.219
7.381,3,102.292,47.3979661,8.546168,2.382,2.166,0.019,2.219
7.401,3,102.292,47.3979661,8.546168,2.397,2.181,0.019,2.219
7.421,3,102.292,47.3979661,8.546168,2.406,2.19,0.019,2.219
7.441,3,102.292,47.3979661,8.546168,2.421,2.205,0.019,2.219
7.461,3,102.292,47.3979661,8.546168,2.43,2.214,0.019,2.219
7.481,3,102.292,47.3979661,8.546168,2.444,2.229,0.019,2.219
7.501,3,102.292,47.3979661,8.546168,2.454,2.238,0.019,2.219
7.526,3,102.292,47.3979661,8.546168,2.468,2.252,0.019,2.219
7.546,3,102.292,47.3979661,8.546168,2.477,2.261,0.019,2.219
7.566,3,102.292,47.3979661,8.546168,2.491,2.275,0.019,2.219
7.586,3,102.292,47.3979661,8.546168,2.5,2.284,0.019,2.219
7.606,3,102.292,47.3979661,8.546168,2.514,2.298,0.019,2.219
7.626,3,102.292,47.397966,8.546168,2.523,2.307,0.015,2.224
7.646,3,102.292,47.397966,8.546168,2.536,2.32,0.015,2.224
7.666,3,102.292,47.397966,8.546168,2.544,2.328,0.015,2.224
7.686,3,102.292,47.397966,8.546168,2.557,2.341,0.015,2.224
7.706,3,102.292,47.397966,8.546168,2.565,2.349,0.015,2.224
7.726,3,102.292,47.397966,8.546168,2.577,2.361,0.015,2.224
7.746,3,102.292,47.397966,8.546168,2.584,2.368,0.015,2.224
7.766,3,102.292,47.397966,8.546168,2.595,2.379,0.015,2.224
7.785,3,102.292,47.397966,8.546168,2.602,2.386,0.015,2.224
7.806,3,102.292,47.397966,8.546168,2.611,2.396,0.015,2.224
7.826,3,102.292,47.397966,8.546168,2.617,2.402,0.015,2.224
7.846,3,102.292,47.397966,8.546168,2.626,2.41,0.015,2.224
7.866,3,102.292,47.397966,8.546168,2.631,2.415,0.015,2.224
7.886,3,102.292,47.397966,8.546168,2.637,2.422,0.015,2.224
7.906,3,102.292,47.397966,8.546168,2.642,2.426,0.015,2.224
7.926,3,102.292,47.397966,8.546168,2.647,2.431,0.015,2.224
7.945,3,102.292,47.397966,8.546168,2.65,2.435,0.015,2.224
7.966,3,102.292,47.397966,8.546168,2.655,2.439,0.015,2.224
7.986,3,102.292,47.397966,8.546168,2.658,2.442,0.015,2.224
8.006,3,102.292,47.397966,8.546168,2.661,2.445,0.015,2.224
8.026,3,102.292,47.397966,8.546168,2.663,2.447,0.015,2.224
8.046,3,102.292,47.397966,8.546168,2.666,2.45,0.015,2.224
8.066,3,102.292,47.397966,8.546168,2.668,2.452,0.015,2.224
8.086,3,102.292,47.397966,8.546168,2.671,2.455,0.015,2.224
8.106,3,102.292,47.397966,8.546168,2.672,2.456,0.015,2.224
8.126,3,102.292,47.397966,8.546168,2.675,2.459,0.015,2.224
8.146,3,102.292,47.397966,8.546168,2.676,2.46,0.015,2.224
8.166,3,102.292,47.397966,8.546168,2.678,2.463,0.015,2.224
8.186,3,102.292,47.397966,8.546168,2.68,2.464,0.015,2.224
8.205,3,102.292,47.397966,8.546168,2.682,2.466,0.015,2.224
8.226,3,102.292,47.397966,8.546168,2.684,2.468,0.015,2.224
8.246,3,102.292,47.397966,8.546168,2.687,2.471,0.015,2.224
8.266,3,102.292,47.397966,8.546168,2.688,2.473,0.015,2.224
8.286,3,102.292,47.397966,8.546168,2.691,2.475,0.015,2.224
8.306,3,102.292,47.397966,8.546168,2.693,2.477,0.015,2.224
8.326,3,102.292,47.397966,8.546168,2.697,2.481,0.015,2.224
8.346,3,102.292,47.397966,8.546168,2.699,2.483,0.015,2.224
8.366,3,102.292,47.397966,8.546168,2.703,2.487,0.015,2.224
8.385,3,102.292,47.397966,8.546168,2.705,2.489,0.015,2.224
8.405,3,102.292,47.397966,8.546168,2.709,2.493,0.015,2.224
8.427,3,102.292,47.397966,8.546168,2.712,2.496,0.015,2.224
8.447,3,102.292,47.397966,8.546168,2.716,2.501,0.015,2.224
8.466,3,102.292,47.397966,8.546168,2.719,2.504,0.015,2.224
8.486,3,102.292,47.397966,8.546168,2.724,2.508,0.015,2.224
8.506,3,102.292,47.397966,8.546168,2.727,2.511,0.015,2.224
8.526,3,102.292,47.397966,8.546168,2.732,2.516,0.015,2.224
8.545,3,102.292,47.397966,8.546168,2.736,2.52,0.015,2.224
8.565,3,102.292,47.397966,8.546168,2.741,2.525,0.015,2.224
8.585,3,102.292,47.397966,8.546168,2.744,2.528,0.015,2.224
8.606,3,102.292,47.397966,8.546168,2.749,2.534,0.015,2.224
8.626,3,102.292,47.397966,8.546168,2.753,2.537,0.015,2.224
8.646,3,102.292,47.397966,8.546168,2.758,2.542,0.015,2.224
8.666,3,102.292,47.397966,8.546168,2.762,2.546,0.015,2.224
8.686,3,102.292,47.397966,8.546168,2.767,2.551,0.015,2.224
8.706,3,102.292,47.397966,8.546168,2.77,2.554,0.015,2.224
8.726,3,102.292,47.397966,8.546168,2.775,2.56,0.015,2.224
8.746,3,102.292,47.397966,8.546168,2.779,2.563,0.015,2.224
8.766,3,102.292,47.397966,8.546168,2.784,2.568,0.015,2.224
8.786,3,102.292,47.397966,8.546168,2.788,2.572,0.015,2.224
8.805,3,102.292,47.397966,8.546168,2.793,2.577,0.015,2.224
8.827,3,102.292,47.397966,8.546168,2.796,2.58,0.015,2.224
8.846,3,102.292,47.3979661,8.546168,2.801,2.586,0.019,2.219
8.866,3,102.292,47.3979661,8.546168,2.805,2.589,0.019,2.219
8.886,3,102.292,47.3979661,8.5461679,2.81,2.594,0.025,2.213
8.905,3,102.292,47.3979661,8.5461679,2.814,2.598,0.025,2.213
8.926,3,102.292,47.3979661,8.5461679,2.819,2.603,0.025,2.213
8.945,3,102.292,47.3979661,8.5461679,2.822,2.606,0.025,2.213
8.966,3,102.292,47.3979661,8.5461679,2.827,2.612,0.025,2.213
8.986,3,102.292,47.3979662,8.5461678,2.831,2.615,0.037,2.201
9.007,3,102.292,47.3979662,8.5461678,2.836,2.62,0.037,2.201
9.027,3,102.292,47.3979662,8.5461678,2.84,2.624,0.037,2.201
9.046,3,102.292,47.3979662,8.5461677,2.845,2.629,0.044,2.194
9.066,3,102.292,47.3979663,8.5461677,2.848,2.633,0.05,2.189
9.086,3,102.292,47.3979663,8.5461676,2.854,2.638,0.056,2.182
9.105,3,102.292,47.3979663,8.5461676,2.857,2.641,0.056,2.182
9.126,3,102.292,47.3979664,8.5461675,2.863,2.647,0.069,2.171
9.145,3,102.292,47.3979664,8.5461674,2.866,2.65,0.075,2.164
9.166,3,102.292,47.397966499999995,8.5461673,2.872,2.656,0.088,2.152
9.186,3,102.292,47.397966499999995,8.5461672,2.875,2.659,0.094,2.146
9.208,3,102.292,47.3979666,8.5461671,2.881,2.665,0.106,2.134
9.226,3,102.292,47.3979666,8.546166999999999,2.884,2.668,0.112,2.127
9.246,3,102.292,47.3979667,8.5461668,2.889,2.674,0.131,2.109
9.266,3,102.292,47.3979667,8.546166699999999,2.893,2.677,0.137,2.102
9.286,3,102.292,47.3979668,8.5461665,2.898,2.682,0.156,2.084
9.307,3,102.292,47.3979668,8.546166399999999,2.901,2.685,0.162,2.077
9.334,3,102.292,47.3979669,8.546166099999999,2.906,2.69,0.187,2.052
9.351,3,102.292,47.397967,8.546166,2.909,2.693,0.199,2.04
9.37,3,102.292,47.397967,8.5461657,2.913,2.697,0.219,2.02
9.391,3,102.292,47.397967099999995,8.5461656,2.916,2.7,0.231,2.008
9.411,3,102.292,47.3979672,8.5461653,2.92,2.704,0.256,1.983
9.431,3,102.292,47.3979672,8.5461651,2.922,2.706,0.269,1.969
9.451,3,102.292,47.3979673,8.5461648,2.926,2.71,0.294,1.944
9.471,3,102.292,47.3979674,8.5461646,2.928,2.712,0.312,1.926
9.491,3,102.292,47.3979675,8.5461642,2.931,2.715,0.344,1.894
9.51,3,102.292,47.3979675,8.546164,2.933,2.718,0.357,1.88
9.532,3,102.292,47.3979676,8.5461636,2.936,2.721,0.389,1.849
9.554,3,102.292,47.397967699999995,8.5461634,2.938,2.722,0.408,1.83
9.57,3,102.292,47.397967799999996,8.546163,2.941,2.725,0.44,1.798
9.59,3,102.292,47.3979679,8.5461627,2.943,2.727,0.465,1.773
9.61,3,102.292,47.397968,8.546162299999999,2.945,2.729,0.497,1.741
9.631,3,102.292,47.397968,8.546161999999999,2.947,2.731,0.517,1.721
9.65,3,102.292,47.3979681,8.5461616,2.949,2.733,0.549,1.689
9.671,3,102.292,47.3979682,8.5461613,2.95,2.735,0.574,1.664
9.69,3,102.292,47.397968299999995,8.5461609,2.953,2.737,0.606,1.632
9.711,3,102.292,47.397968399999996,8.5461606,2.954,2.738,0.631,1.607
9.731,3,102.292,47.3979685,8.5461601,2.956,2.74,0.67,1.568
9.754,3,102.292,47.3979685,8.5461598,2.957,2.742,0.691,1.548
9.771,3,102.292,47.3979686,8.5461593,2.96,2.744,0.73,1.51
9.79,3,102.292,47.3979687,8.546159,2.961,2.745,0.755,1.485
9.81,3,102.292,47.3979688,8.546158499999999,2.963,2.747,0.794,1.446
9.831,3,102.292,47.397968899999995,8.546158199999999,2.964,2.748,0.819,1.421
9.85,3,102.292,47.397968899999995,8.5461578,2.966,2.75,0.847,1.395
9.87,3,102.292,47.397968999999996,8.5461574,2.968,2.752,0.879,1.363
9.891,3,102.292,47.3979691,8.546157,2.97,2.754,0.911,1.331
9.91,3,102.292,47.3979692,8.5461567,2.971,2.755,0.936,1.306
9.931,3,102.292,47.3979692,8.5461562,2.973,2.758,0.971,1.274
9.95,3,102.292,47.3979693,8.5461559,2.975,2.759,0.996,1.249
9.971,3,102.292,47.3979694,8.5461554,2.977,2.762,1.035,1.211
9.99,3,102.292,47.3979694,8.5461551,2.979,2.763,1.056,1.191
10.011,3,102.292,47.397969499999995,8.546154699999999,2.982,2.766,1.088,1.16
10.031,3,102.292,47.397969599999996,8.546154399999999,2.984,2.768,1.113,1.135
10.051,3,102.292,47.397969599999996,8.5461539,2.986,2.771,1.148,1.103
10.07,3,102.292,47.3979697,8.5461537,2.988,2.773,1.166,1.084
10.091,3,102.292,47.3979698,8.5461532,2.992,2.776,1.205,1.047
10.111,3,102.292,47.3979698,8.546153,2.994,2.778,1.22,1.034
10.131,3,102.292,47.3979699,8.5461526,2.997,2.781,1.252,1.003
10.15,3,102.292,47.3979699,8.5461523,2.999,2.783,1.273,0.984
10.17,3,102.292,47.39797,8.546152,3.002,2.786,1.298,0.96
10.191,3,102.292,47.39797,8.5461517,3.004,2.788,1.319,0.941
10.21,3,102.292,47.397970099999995,8.5461514,3.007,2.791,1.344,0.917
10.231,3,102.292,47.397970099999995,8.546151199999999,3.009,2.793,1.358,0.904
10.25,3,102.292,47.397970199999996,8.546150899999999,3.012,2.796,1.383,0.88
10.271,3,102.292,47.397970199999996,8.5461507,3.013,2.798,1.398,0.868
10.292,3,102.292,47.3979703,8.5461504,3.016,2.8,1.423,0.843
10.31,3,102.292,47.3979704,8.5461502,3.018,2.802,1.44,0.825
10.33,3,102.292,47.3979704,8.5461499,3.02,2.804,1.462,0.807
10.35,3,102.292,47.3979705,8.5461498,3.021,2.805,1.473,0.794
10.371,3,102.292,47.3979705,8.5461496,3.023,2.807,1.487,0.782
10.39,3,102.292,47.3979706,8.5461494,3.025,2.809,1.505,0.764
10.41,3,102.292,47.397970699999995,8.5461492,3.026,2.811,1.523,0.745
10.43,3,102.292,47.397970699999995,8.5461491,3.028,2.812,1.53,0.739
10.451,3,102.292,47.397970799999996,8.5461489,3.029,2.813,1.548,0.721
10.47,3,102.292,47.397970799999996,8.5461488,3.03,2.814,1.555,0.715
10.496,3,102.292,47.3979709,8.5461487,3.032,2.816,1.566,0.702
10.516,3,102.292,47.3979709,8.5461486,3.033,2.817,1.573,0.696
10.536,3,102.292,47.397971,8.5461484,3.034,2.818,1.591,0.678
10.556,3,102.292,47.397971,8.5461483,3.035,2.819,1.598,0.672
10.576,3,102.292,47.3979711,8.5461482,3.036,2.82,1.609,0.659
10.596,3,102.292,47.3979712,8.5461482,3.037,2.821,1.613,0.652
10.617,3,102.292,47.3979712,8.5461481,3.038,2.822,1.62,0.646
10.636,3,102.292,47.397971299999995,8.546147999999999,3.039,2.823,1.631,0.633
10.656,3,102.292,47.397971299999995,8.5461479,3.041,2.825,1.638,0.627
10.676,3,102.292,47.397971399999996,8.5461479,3.041,2.826,1.642,0.62
10.696,3,102.292,47.397971399999996,8.5461478,3.043,2.827,1.649,0.614
10.716,3,102.292,47.3979715,8.5461478,3.044,2.828,1.653,0.607
10.736,3,102.292,47.3979716,8.5461478,3.045,2.829,1.657,0.6
10.757,3,102.292,47.3979716,8.546147699999999,3.046,2.83,1.664,0.594
10.776,3,102.292,47.3979717,8.546147699999999,3.048,2.832,1.668,0.587
10.796,3,102.292,47.3979717,8.546147699999999,3.049,2.833,1.668,0.587
10.816,3,102.292,47.3979718,8.5461476,3.05,2.834,1.679,0.574
10.836,3,102.292,47.3979718,8.5461476,3.052,2.836,1.679,0.574
10.856,3,102.292,47.397971899999995,8.5461476,3.053,2.837,1.684,0.568
10.876,3,102.292,47.397971899999995,8.5461476,3.055,2.839,1.684,0.568
10.896,3,102.292,47.397971999999996,8.5461476,3.056,2.841,1.688,0.561
10.915,3,102.292,47.397971999999996,8.5461475,3.058,2.842,1.695,0.555
10.937,3,102.292,47.3979721,8.5461475,3.06,2.844,1.699,0.548
10.956,3,102.292,47.3979721,8.5461475,3.061,2.845,1.699,0.548
10.976,3,102.292,47.3979722,8.5461475,3.063,2.847,1.704,0.542
10.995,3,102.292,47.3979722,8.5461475,3.064,2.848,1.704,0.542
11.016,3,102.292,47.3979723,8.5461475,3.066,2.85,1.708,0.536
11.04,3,102.292,47.3979724,8.5461475,3.067,2.852,1.713,0.529
11.055,3,102.292,47.3979724,8.5461475,3.07,2.854,1.713,0.529
11.076,3,102.292,47.397972499999995,8.546147399999999,3.071,2.855,1.724,0.517
11.095,3,102.292,47.397972499999995,8.546147399999999,3.073,2.857,1.724,0.517
11.116,3,102.292,47.397972599999996,8.546147399999999,3.074,2.858,1.729,0.511
11.136,3,102.292,47.397972599999996,8.546147399999999,3.076,2.861,1.729,0.511
11.156,3,102.292,47.3979727,8.546147399999999,3.078,2.862,1.734,0.505
11.176,3,102.292,47.3979727,8.546147399999999,3.08,2.864,1.734,0.505
11.198,3,102.292,47.3979728,8.546147399999999,3.081,2.865,1.739,0.5
11.216,3,102.292,47.3979728,8.546147399999999,3.083,2.867,1.739,0.5
11.236,3,102.292,47.3979729,8.5461473,3.084,2.869,1.75,0.488
11.256,3,102.292,47.3979729,8.5461473,3.086,2.871,1.75,0.488
11.277,3,102.292,47.397973,8.5461473,3.088,2.872,1.755,0.483
11.296,3,102.292,47.397973,8.5461473,3.09,2.874,1.755,0.483
11.316,3,102.292,47.397973099999994,8.5461473,3.091,2.875,1.76,0.478
11.336,3,102.292,47.397973099999994,8.5461472,3.093,2.877,1.767,0.471
11.355,3,102.292,47.397973199999996,8.5461472,3.094,2.878,1.772,0.466
11.376,3,102.292,47.397973199999996,8.5461472,3.096,2.88,1.772,0.466
11.396,3,102.292,47.3979733,8.5461472,3.097,2.881,1.777,0.461
11.416,3,102.292,47.3979733,8.5461472,3.099,2.883,1.777,0.461
11.436,3,102.292,47.3979733,8.546147099999999,3.1,2.884,1.784,0.455
11.455,3,102.292,47.3979734,8.546147099999999,3.101,2.886,1.789,0.45
11.475,3,102.292,47.3979734,8.546147099999999,3.103,2.887,1.789,0.45
11.496,3,102.292,47.3979735,8.546147099999999,3.104,2.888,1.794,0.446
11.516,3,102.292,47.3979735,8.546147,3.105,2.889,1.8,0.439
11.54,3,102.292,47.3979735,8.546147,3.107,2.891,1.8,0.439
11.556,3,102.292,47.3979736,8.546147,3.108,2.892,1.806,0.435
11.576,3,102.292,47.3979736,8.546147,3.109,2.894,1.806,0.435
11.596,3,102.292,47.3979736,8.5461469,3.11,2.895,1.812,0.428
11.616,3,102.292,47.397973699999994,8.5461469,3.112,2.896,1.818,0.424
11.636,3,102.292,47.397973699999994,8.5461469,3.113,2.897,1.818,0.424
11.656,3,102.292,47.397973699999994,8.546146799999999,3.114,2.898,1.824,0.417
11.676,3,102.292,47.397973799999995,8.546146799999999,3.115,2.899,1.829,0.413
11.696,3,102.292,47.397973799999995,8.546146799999999,3.116,2.901,1.829,0.413
11.718,3,102.292,47.397973799999995,8.5461467,3.117,2.901,1.836,0.406
11.736,3,102.292,47.3979739,8.5461467,3.118,2.903,1.841,0.402
11.755,3,102.292,47.3979739,8.5461467,3.119,2.903,1.841,0.402
11.776,3,102.292,47.3979739,8.5461466,3.12,2.904,1.848,0.395
11.797,3,102.292,47.3979739,8.5461466,3.121,2.905,1.848,0.395
11.816,3,102.292,47.397974,8.5461466,3.122,2.906,1.853,0.392
11.836,3,102.292,47.397974,8.546146499999999,3.122,2.907,1.86,0.385
11.856,3,102.292,47.397974,8.546146499999999,3.123,2.908,1.86,0.385
11.876,3,102.292,47.397974,8.546146499999999,3.124,2.908,1.86,0.385
11.896,3,102.292,47.397974,8.5461464,3.125,2.909,1.866,0.377
11.916,3,102.292,47.3979741,8.5461464,3.125,2.909,1.872,0.374
11.936,3,102.292,47.3979741,8.5461463,3.126,2.91,1.878,0.367
11.956,3,102.292,47.3979741,8.5461463,3.127,2.911,1.878,0.367
11.976,3,102.292,47.3979741,8.5461463,3.127,2.911,1.878,0.367
11.996,3,102.292,47.3979741,8.546146199999999,3.128,2.912,1.885,0.36
12.016,3,102.292,47.3979741,8.546146199999999,3.129,2.913,1.885,0.36
12.036,3,102.292,47.3979742,8.546146199999999,3.129,2.913,1.89,0.357
12.056,3,102.292,47.3979742,8.5461461,3.13,2.914,1.897,0.35
12.079,3,102.292,47.3979742,8.5461461,3.13,2.914,1.897,0.35
12.096,3,102.292,47.3979742,8.546146,3.131,2.915,1.904,0.342
12.116,3,102.292,47.3979742,8.546146,3.132,2.916,1.904,0.342
12.136,3,102.292,47.3979742,8.546146,3.132,2.917,1.904,0.342
12.156,3,102.292,47.3979742,8.546145899999999,3.133,2.917,1.91,0.335
12.176,3,102.292,47.3979743,8.546145899999999,3.134,2.918,1.915,0.332
12.195,3,102.292,47.3979743,8.546145899999999,3.135,2.919,1.915,0.332
12.215,3,102.292,47.3979743,8.5461458,3.136,2.92,1.922,0.325
12.236,3,102.292,47.3979743,8.5461458,3.136,2.92,1.922,0.325
12.256,3,102.292,47.3979743,8.5461457,3.137,2.921,1.929,0.318
12.276,3,102.292,47.3979743,8.5461457,3.138,2.922,1.929,0.318
12.295,3,102.292,47.3979743,8.5461456,3.139,2.923,1.935,0.31
12.316,3,102.292,47.3979743,8.5461456,3.14,2.924,1.935,0.31
12.336,3,102.292,47.3979743,8.5461455,3.141,2.925,1.942,0.303
12.355,3,102.292,47.397974399999995,8.5461455,3.141,2.926,1.947,0.3
12.376,3,102.292,47.397974399999995,8.5461454,3.143,2.927,1.954,0.293
12.396,3,102.292,47.397974399999995,8.5461454,3.143,2.927,1.954,0.293
12.416,3,102.292,47.397974399999995,8.5461453,3.144,2.928,1.96,0.286
12.436,3,102.292,47.397974399999995,8.5461453,3.145,2.929,1.96,0.286
12.456,3,102.292,47.397974399999995,8.5461453,3.146,2.93,1.96,0.286
12.476,3,102.292,47.397974399999995,8.5461452,3.147,2.931,1.967,0.278
12.496,3,102.292,47.397974399999995,8.5461452,3.148,2.932,1.967,0.278
12.516,3,102.292,47.3979745,8.5461451,3.148,2.932,1.979,0.269
12.536,3,102.292,47.3979745,8.5461451,3.149,2.933,1.979,0.269
12.556,3,102.292,47.3979745,8.546145,3.15,2.934,1.986,0.261
12.576,3,102.292,47.3979745,8.546145,3.151,2.935,1.986,0.261
12.596,3,102.292,47.3979745,8.5461449,3.151,2.936,1.992,0.254
12.616,3,102.292,47.3979745,8.5461448,3.152,2.937,1.999,0.247
12.636,3,102.292,47.3979745,8.5461448,3.153,2.937,1.999,0.247
12.656,3,102.292,47.3979746,8.5461447,3.154,2.938,2.011,0.237
12.676,3,102.292,47.3979746,8.5461447,3.154,2.939,2.011,0.237
12.696,3,102.292,47.3979746,8.5461446,3.155,2.939,2.017,0.23
12.716,3,102.292,47.3979746,8.5461446,3.156,2.94,2.017,0.23
12.736,3,102.292,47.3979746,8.5461445,3.157,2.941,2.024,0.222
12.757,3,102.292,47.3979746,8.5461445,3.157,2.942,2.024,0.222
12.776,3,102.292,47.3979746,8.5461444,3.158,2.943,2.031,0.215
12.796,3,102.292,47.3979747,8.5461444,3.159,2.943,2.036,0.213
12.816,3,102.292,47.3979747,8.5461443,3.16,2.944,2.043,0.205
12.836,3,102.292,47.3979747,8.5461443,3.161,2.945,2.043,0.205
12.856,3,102.292,47.3979747,8.546144199999999,3.161,2.946,2.049,0.198
12.876,3,102.292,47.3979747,8.546144199999999,3.162,2.946,2.049,0.198
12.896,3,102.292,47.3979747,8.5461441,3.163,2.947,2.056,0.19
12.917,3,102.292,47.3979747,8.5461441,3.164,2.948,2.056,0.19
12.936,3,102.292,47.3979748,8.546144,3.165,2.949,2.068,0.181
12.955,3,102.292,47.3979748,8.546144,3.166,2.95,2.068,0.181
12.976,3,102.292,47.3979748,8.546143899999999,3.167,2.951,2.074,0.174
12.997,3,102.292,47.3979748,8.5461438,3.167,2.951,2.081,0.166
13.016,3,102.292,47.3979748,8.5461438,3.168,2.952,2.081,0.166
13.036,3,102.292,47.3979748,8.5461437,3.169,2.953,2.088,0.159
13.055,3,102.292,47.3979748,8.5461437,3.17,2.954,2.088,0.159
13.076,3,102.292,47.3979748,8.546143599999999,3.171,2.955,2.094,0.152
13.097,3,102.292,47.3979749,8.546143599999999,3.172,2.956,2.099,0.15
13.116,3,102.292,47.3979749,8.5461435,3.173,2.957,2.106,0.143
13.136,3,102.292,47.3979749,8.5461435,3.174,2.958,2.106,0.143
13.156,3,102.292,47.3979749,8.5461434,3.174,2.958,2.113,0.135
13.176,3,102.292,47.3979749,8.5461434,3.175,2.959,2.113,0.135
13.196,3,102.292,47.3979749,8.546143299999999,3.176,2.96,2.119,0.128
13.216,3,102.292,47.3979749,8.546143299999999,3.177,2.961,2.119,0.128
13.236,3,102.292,47.397974999999995,8.5461432,3.177,2.961,2.131,0.12
13.256,3,102.292,47.397974999999995,8.5461432,3.178,2.962,2.131,0.12
13.277,3,102.292,47.397974999999995,8.5461431,3.179,2.963,2.138,0.112
13.295,3,102.292,47.397974999999995,8.5461431,3.18,2.964,2.138,0.112
13.316,3,102.292,47.397974999999995,8.546142999999999,3.18,2.964,2.145,0.105
13.336,3,102.292,47.397974999999995,8.546142999999999,3.181,2.965,2.145,0.105
13.356,3,102.292,47.397974999999995,8.5461429,3.182,2.966,2.151,0.097
13.376,3,102.292,47.397974999999995,8.5461429,3.183,2.967,2.151,0.097
13.396,3,102.292,47.397974999999995,8.5461429,3.183,2.967,2.151,0.097
13.415,3,102.292,47.3979751,8.5461428,3.184,2.968,2.163,0.09
13.436,3,102.292,47.3979751,8.5461428,3.184,2.969,2.163,0.09
13.456,3,102.292,47.3979751,8.546142699999999,3.185,2.969,2.17,0.083
13.475,3,102.292,47.3979751,8.546142699999999,3.186,2.97,2.17,0.083
13.496,3,102.292,47.3979751,8.5461426,3.187,2.971,2.176,0.075
13.515,3,102.292,47.3979751,8.5461426,3.187,2.971,2.176,0.075
13.536,3,102.292,47.3979751,8.5461426,3.188,2.972,2.176,0.075
13.556,3,102.292,47.3979751,8.5461425,3.188,2.972,2.183,0.068
13.576,3,102.292,47.3979751,8.5461425,3.189,2.973,2.183,0.068
13.596,3,102.292,47.3979751,8.546142399999999,3.189,2.973,2.19,0.061
13.616,3,102.292,47.3979751,8.546142399999999,3.19,2.974,2.19,0.061
13.636,3,102.292,47.3979751,8.546142399999999,3.19,2.974,2.19,0.061
13.656,3,102.292,47.3979752,8.5461423,3.19,2.975,2.202,0.057
13.676,3,102.292,47.3979752,8.5461423,3.191,2.975,2.202,0.057
13.696,3,102.292,47.3979752,8.5461423,3.191,2.975,2.202,0.057
13.716,3,102.292,47.3979752,8.5461423,3.191,2.975,2.202,0.057
13.736,3,102.292,47.3979752,8.5461422,3.191,2.976,2.208,0.05
13.756,3,102.292,47.3979752,8.5461422,3.192,2.976,2.208,0.05
13.778,3,102.292,47.3979752,8.5461422,3.192,2.976,2.208,0.05
13.796,3,102.292,47.3979752,8.546142099999999,3.192,2.976,2.215,0.043
13.816,3,102.292,47.3979752,8.546142099999999,3.192,2.976,2.215,0.043
13.837,3,102.292,47.3979752,8.546142099999999,3.192,2.976,2.215,0.043
13.856,3,102.292,47.3979752,8.546142099999999,3.192,2.976,2.215,0.043
13.875,3,102.292,47.3979752,8.546142,3.192,2.976,2.222,0.037
13.896,3,102.292,47.3979752,8.546142,3.192,2.976,2.222,0.037
13.916,3,102.292,47.3979752,8.546142,3.192,2.976,2.222,0.037
13.939,3,102.292,47.3979752,8.546142,3.192,2.976,2.222,0.037
13.956,3,102.292,47.3979752,8.546142,3.192,2.976,2.222,0.037
13.976,3,102.292,47.3979752,8.5461419,3.192,2.976,2.228,0.031
13.996,3,102.292,47.3979752,8.5461419,3.192,2.976,2.228,0.031
14.015,3,102.292,47.3979752,8.5461419,3.192,2.976,2.228,0.031
14.036,3,102.292,47.3979752,8.5461419,3.192,2.976,2.228,0.031
14.056,3,102.292,47.3979752,8.5461418,3.192,2.977,2.235,0.027
14.075,3,102.292,47.3979752,8.5461418,3.193,2.977,2.235,0.027
14.098,3,102.292,47.3979752,8.5461418,3.193,2.977,2.235,0.027
14.116,3,102.292,47.3979752,8.5461418,3.193,2.977,2.235,0.027
14.136,3,102.292,47.3979752,8.5461418,3.193,2.977,2.235,0.027
14.156,3,102.292,47.3979752,8.5461418,3.194,2.978,2.235,0.027
14.175,3,102.292,47.3979752,8.5461417,3.194,2.978,2.242,0.023
14.196,3,102.292,47.3979752,8.5461417,3.194,2.978,2.242,0.023
14.215,3,102.292,47.3979752,8.5461417,3.195,2.979,2.242,0.023
14.236,3,102.292,47.3979752,8.5461417,3.195,2.979,2.242,0.023
14.255,3,102.292,47.3979752,8.5461417,3.195,2.98,2.242,0.023
14.28,3,102.292,47.3979752,8.5461417,3.196,2.98,2.242,0.023
14.296,3,102.292,47.3979752,8.5461417,3.196,2.98,2.242,0.023
14.316,3,102.292,47.3979752,8.5461416,3.197,2.981,2.248,0.022
14.336,3,102.292,47.3979752,8.5461416,3.197,2.981,2.248,0.022
14.356,3,102.292,47.3979752,8.5461416,3.198,2.982,2.248,0.022
14.375,3,102.292,47.3979752,8.5461416,3.198,2.982,2.248,0.022
14.395,3,102.292,47.3979752,8.5461416,3.199,2.983,2.248,0.022
14.416,3,102.292,47.3979752,8.5461416,3.199,2.984,2.248,0.022
14.436,3,102.292,47.3979752,8.5461416,3.2,2.984,2.248,0.022
14.46,3,102.292,47.3979752,8.5461416,3.2,2.985,2.248,0.022
14.48,3,102.292,47.3979752,8.5461416,3.201,2.985,2.248,0.022
14.5,3,102.292,47.3979752,8.5461416,3.201,2.986,2.248,0.022
14.519,3,102.292,47.3979752,8.5461415,3.202,2.986,2.255,0.024
14.54,3,102.292,47.3979752,8.5461415,3.202,2.986,2.255,0.024
14.559,3,102.292,47.3979752,8.5461415,3.202,2.986,2.255,0.024
14.58,3,102.292,47.3979752,8.5461415,3.202,2.986,2.255,0.024
14.599,3,102.292,47.3979752,8.5461415,3.202,2.986,2.255,0.024
14.62,3,102.292,47.3979752,8.5461415,3.202,2.986,2.255,0.024
14.64,3,102.292,47.3979752,8.5461415,3.202,2.986,2.255,0.024
14.66,3,102.292,47.3979751,8.5461415,3.202,2.986,2.25,0.014
14.68,3,102.292,47.3979751,8.5461415,3.202,2.986,2.25,0.014
14.7,3,102.292,47.3979751,8.5461415,3.202,2.986,2.25,0.014
14.719,3,102.292,47.3979751,8.5461415,3.202,2.986,2.25,0.014
14.74,3,102.292,47.3979751,8.5461415,3.202,2.986,2.25,0.014
14.76,3,102.292,47.3979751,8.5461415,3.202,2.987,2.25,0.014
14.78,3,102.292,47.3979751,8.5461415,3.203,2.987,2.25,0.014
14.8,3,102.292,47.3979751,8.5461414,3.203,2.987,2.257,0.019
14.82,3,102.292,47.3979751,8.5461414,3.203,2.988,2.257,0.019
14.84,3,102.292,47.3979751,8.5461414,3.204,2.988,2.257,0.019
14.86,3,102.292,47.3979751,8.5461415,3.205,2.989,2.25,0.014
14.88,3,102.292,47.3979751,8.5461415,3.205,2.989,2.25,0.014
14.9,3,102.292,47.3979751,8.5461415,3.206,2.99,2.25,0.014
14.92,3,102.292,47.3979751,8.5461415,3.206,2.991,2.25,0.014
14.94,3,102.292,47.397974999999995,8.5461415,3.207,2.991,2.245,0.008
14.96,3,102.292,47.397974999999995,8.5461415,3.208,2.992,2.245,0.008
14.981,3,102.292,47.397974999999995,8.5461415,3.209,2.993,2.245,0.008
15.0,3,102.292,47.397974999999995,8.5461416,3.21,2.994,2.238,0.001
15.02,3,102.292,47.3979749,8.5461416,3.211,2.995,2.233,0.011
15.04,3,102.292,47.3979749,8.5461416,3.212,2.996,2.233,0.011
15.06,3,102.292,47.3979749,8.5461417,3.213,2.998,2.227,0.013
15.08,3,102.292,47.3979749,8.5461418,3.214,2.999,2.22,0.018
15.1,3,102.292,47.3979748,8.5461418,3.216,3.0,2.215,0.027
15.12,3,102.292,47.3979748,8.5461419,3.217,3.001,2.208,0.031
15.14,3,102.292,47.3979747,8.546142,3.219,3.003,2.197,0.045
15.16,3,102.292,47.3979747,8.546142099999999,3.22,3.004,2.19,0.05
15.18,3,102.292,47.3979746,8.5461422,3.221,3.006,2.178,0.063
15.2,3,102.292,47.3979746,8.5461423,3.223,3.007,2.171,0.068
15.221,3,102.292,47.3979745,8.5461425,3.224,3.008,2.153,0.087
15.24,3,102.292,47.3979745,8.5461426,3.225,3.009,2.146,0.093
15.26,3,102.292,47.397974399999995,8.546142699999999,3.226,3.011,2.135,0.106
15.28,3,102.292,47.397974399999995,8.5461429,3.227,3.011,2.121,0.118
15.3,3,102.292,47.3979743,8.5461431,3.228,3.012,2.103,0.137
15.323,3,102.292,47.3979743,8.5461432,3.229,3.013,2.096,0.143
15.34,3,102.292,47.3979742,8.5461435,3.229,3.014,2.071,0.168
15.36,3,102.292,47.3979741,8.5461437,3.23,3.014,2.052,0.187
15.38,3,102.292,47.397974,8.546143899999999,3.23,3.014,2.034,0.205
15.4,3,102.292,47.397974,8.5461441,3.23,3.014,2.02,0.218
15.42,3,102.292,47.3979739,8.5461444,3.23,3.014,1.995,0.243
15.44,3,102.292,47.397973799999995,8.5461447,3.229,3.014,1.97,0.268
15.46,3,102.292,47.397973699999994,8.546145,3.229,3.013,1.945,0.293
15.48,3,102.292,47.3979736,8.5461452,3.228,3.013,1.926,0.312
15.5,3,102.292,47.3979735,8.5461456,3.228,3.012,1.894,0.344
15.52,3,102.292,47.3979735,8.546145899999999,3.227,3.011,1.874,0.364
15.54,3,102.292,47.3979734,8.5461463,3.226,3.01,1.842,0.395
15.562,3,102.292,47.3979733,8.546146499999999,3.225,3.009,1.824,0.414
15.581,3,102.292,47.397973199999996,8.5461469,3.224,3.008,1.792,0.446
15.6,3,102.292,47.397973099999994,8.5461472,3.223,3.008,1.767,0.471
15.62,3,102.292,47.397973,8.546147699999999,3.222,3.006,1.728,0.51
15.64,3,102.292,47.3979729,8.5461479,3.222,3.006,1.71,0.528
15.66,3,102.292,47.3979728,8.5461484,3.22,3.005,1.671,0.567
15.68,3,102.292,47.3979727,8.5461487,3.22,3.004,1.646,0.592
15.7,3,102.292,47.397972599999996,8.5461492,3.219,3.003,1.607,0.631
15.72,3,102.292,47.397972499999995,8.5461495,3.218,3.002,1.582,0.656
15.74,3,102.292,47.3979724,8.5461499,3.217,3.001,1.55,0.688
15.76,3,102.292,47.3979723,8.546150299999999,3.216,3.001,1.519,0.72
15.78,3,102.292,47.3979722,8.5461507,3.216,3.0,1.487,0.752
15.8,3,102.292,47.3979721,8.5461511,3.215,2.999,1.455,0.784
15.82,3,102.292,47.397971999999996,8.546151499999999,3.214,2.999,1.423,0.816
15.844,3,102.292,47.397971899999995,8.5461519,3.214,2.998,1.391,0.848
15.86,3,102.292,47.3979718,8.5461523,3.214,2.998,1.359,0.88
15.879,3,102.292,47.3979717,8.5461527,3.213,2.997,1.328,0.912
15.9,3,102.292,47.3979716,8.5461531,3.213,2.997,1.296,0.944
15.92,3,102.292,47.3979715,8.546153499999999,3.213,2.997,1.264,0.976
15.94,3,102.292,47.397971399999996,8.5461539,3.212,2.997,1.232,1.008
15.96,3,102.292,47.397971399999996,8.5461542,3.212,2.997,1.213,1.029
15.98,3,102.292,47.397971299999995,8.546154699999999,3.212,2.997,1.175,1.068
16.002,3,102.292,47.3979712,8.546154999999999,3.212,2.997,1.15,1.093
16.019,3,102.292,47.3979711,8.5461555,3.213,2.997,1.111,1.132
16.04,3,102.292,47.397971,8.5461558,3.213,2.997,1.086,1.157
16.06,3,102.292,47.397971,8.5461562,3.213,2.997,1.061,1.185
16.08,3,102.292,47.3979709,8.5461565,3.214,2.998,1.036,1.21
16.1,3,102.292,47.397970799999996,8.5461569,3.214,2.998,1.004,1.242
16.12,3,102.292,47.397970799999996,8.5461571,3.215,2.999,0.991,1.256
16.14,3,102.292,47.397970699999995,8.5461575,3.215,3.0,0.96,1.288
16.16,3,102.292,47.3979706,8.5461578,3.216,3.0,0.935,1.313
16.179,3,102.292,47.3979706,8.5461581,3.216,3.001,0.916,1.334
16.2,3,102.292,47.3979705,8.5461584,3.217,3.001,0.891,1.359
16.22,3,102.292,47.3979705,8.5461587,3.217,3.001,0.873,1.38
16.24,3,102.292,47.3979704,8.5461589,3.217,3.002,0.854,1.398
16.26,3,102.292,47.3979704,8.5461592,3.218,3.002,0.836,1.419
16.28,3,102.292,47.3979703,8.546159399999999,3.218,3.002,0.817,1.438
16.3,3,102.292,47.3979703,8.5461597,3.218,3.002,0.799,1.459
16.32,3,102.292,47.397970199999996,8.5461599,3.218,3.002,0.78,1.477
16.341,3,102.292,47.397970199999996,8.5461602,3.217,3.002,0.762,1.498
16.36,3,102.292,47.397970199999996,8.5461603,3.217,3.001,0.756,1.505
16.38,3,102.292,47.397970099999995,8.5461606,3.217,3.001,0.731,1.53
16.4,3,102.292,47.397970099999995,8.5461607,3.216,3.001,0.726,1.537
16.42,3,102.292,47.397970099999995,8.5461609,3.216,3.0,0.714,1.551
16.44,3,102.292,47.39797,8.546161,3.215,3.0,0.701,1.562
16.46,3,102.292,47.39797,8.5461612,3.215,2.999,0.69,1.576
16.48,3,102.292,47.39797,8.5461613,3.214,2.998,0.684,1.583
16.5,3,102.292,47.39797,8.546161399999999,3.214,2.998,0.678,1.59
16.52,3,102.292,47.3979699,8.5461615,3.213,2.997,0.665,1.601
16.54,3,102.292,47.3979699,8.546161699999999,3.212,2.996,0.654,1.615
16.56,3,102.292,47.3979699,8.546161699999999,3.212,2.996,0.654,1.615
16.58,3,102.292,47.3979699,8.5461619,3.211,2.995,0.643,1.629
16.6,3,102.292,47.3979699,8.5461619,3.21,2.994,0.643,1.629
16.62,3,102.292,47.3979699,8.546161999999999,3.209,2.994,0.637,1.636
16.64,3,102.292,47.3979698,8.5461621,3.209,2.993,0.624,1.647
16.66,3,102.292,47.3979698,8.5461621,3.208,2.992,0.624,1.647
16.686,3,102.292,47.3979698,8.5461622,3.208,2.992,0.618,1.654
16.706,3,102.292,47.3979698,8.546162299999999,3.207,2.991,0.613,1.661
16.726,3,102.292,47.3979698,8.546162299999999,3.207,2.991,0.613,1.661
16.746,3,102.292,47.3979698,8.5461624,3.206,2.99,0.608,1.668
16.766,3,102.292,47.3979698,8.5461624,3.206,2.99,0.608,1.668
16.786,3,102.292,47.3979698,8.5461624,3.205,2.989,0.608,1.668
16.807,3,102.292,47.3979697,8.5461625,3.205,2.989,0.594,1.679
16.826,3,102.292,47.3979697,8.5461625,3.205,2.989,0.594,1.679
16.846,3,102.292,47.3979697,8.5461625,3.205,2.989,0.594,1.679
16.866,3,102.292,47.3979697,8.5461625,3.204,2.988,0.594,1.679
16.886,3,102.292,47.3979697,8.546162599999999,3.204,2.988,0.589,1.686
16.906,3,102.292,47.3979697,8.546162599999999,3.204,2.988,0.589,1.686
16.926,3,102.292,47.3979697,8.546162599999999,3.204,2.988,0.589,1.686
16.947,3,102.292,47.397969599999996,8.546162599999999,3.204,2.988,0.581,1.69
16.966,3,102.292,47.397969599999996,8.546162599999999,3.204,2.988,0.581,1.69
16.986,3,102.292,47.397969599999996,8.546162599999999,3.204,2.989,0.581,1.69
17.007,3,102.292,47.397969599999996,8.546162599999999,3.204,2.989,0.581,1.69
17.026,3,102.292,47.397969499999995,8.5461627,3.205,2.989,0.568,1.701
17.051,3,102.292,47.397969499999995,8.5461627,3.205,2.989,0.568,1.701
17.066,3,102.292,47.397969499999995,8.5461627,3.205,2.989,0.568,1.701
17.086,3,102.292,47.397969499999995,8.5461627,3.205,2.989,0.568,1.701
17.106,3,102.292,47.3979694,8.5461627,3.205,2.989,0.561,1.705
17.126,3,102.292,47.3979694,8.5461627,3.205,2.99,0.561,1.705
17.146,3,102.292,47.3979694,8.5461627,3.206,2.99,0.561,1.705
17.166,3,102.292,47.3979693,8.5461627,3.206,2.99,0.553,1.709
17.186,3,102.292,47.3979693,8.5461627,3.206,2.99,0.553,1.709
17.207,3,102.292,47.3979693,8.5461627,3.206,2.99,0.553,1.709
17.226,3,102.292,47.3979692,8.5461627,3.207,2.991,0.546,1.714
17.246,3,102.292,47.3979692,8.5461627,3.207,2.991,0.546,1.714
17.266,3,102.292,47.3979691,8.5461627,3.207,2.991,0.539,1.718
17.286,3,102.292,47.3979691,8.5461627,3.207,2.991,0.539,1.718
17.306,3,102.292,47.397968999999996,8.5461627,3.207,2.992,0.532,1.722
17.326,3,102.292,47.397968999999996,8.5461627,3.208,2.992,0.532,1.722
17.346,3,102.292,47.397968999999996,8.5461627,3.208,2.992,0.532,1.722
17.37,3,102.292,47.397968899999995,8.5461627,3.208,2.992,0.525,1.726
17.391,3,102.292,47.397968899999995,8.5461628,3.208,2.993,0.519,1.733
17.41,3,102.292,47.3979688,8.5461628,3.209,2.993,0.512,1.738
17.43,3,102.292,47.3979688,8.5461628,3.209,2.993,0.512,1.738
17.451,3,102.292,47.3979687,8.5461628,3.209,2.993,0.505,1.742
17.47,3,102.292,47.3979686,8.5461628,3.21,2.994,0.499,1.747
17.49,3,102.292,47.3979686,8.5461628,3.21,2.994,0.499,1.747
17.511,3,102.292,47.3979685,8.5461628,3.21,2.994,0.492,1.751
17.531,3,102.292,47.3979685,8.546162899999999,3.21,2.994,0.486,1.758
17.551,3,102.292,47.397968399999996,8.546162899999999,3.211,2.995,0.48,1.763
17.57,3,102.292,47.397968399999996,8.546162899999999,3.211,2.995,0.48,1.763
17.59,3,102.292,47.397968299999995,8.546162899999999,3.211,2.995,0.474,1.767
17.61,3,102.292,47.397968299999995,8.546162899999999,3.211,2.996,0.474,1.767
17.631,3,102.292,47.3979682,8.546163,3.212,2.996,0.462,1.779
17.65,3,102.292,47.3979682,8.546163,3.212,2.996,0.462,1.779
17.671,3,102.292,47.3979681,8.546163,3.212,2.996,0.456,1.784
17.69,3,102.292,47.3979681,8.546163,3.212,2.997,0.456,1.784
17.714,3,102.292,47.397968,8.5461631,3.213,2.997,0.444,1.795
17.732,3,102.292,47.397968,8.5461631,3.213,2.997,0.444,1.795
17.75,3,102.292,47.3979679,8.5461631,3.213,2.997,0.438,1.8
17.77,3,102.292,47.3979679,8.546163199999999,3.213,2.997,0.432,1.807
17.791,3,102.292,47.397967799999996,8.546163199999999,3.213,2.997,0.426,1.812
17.81,3,102.292,47.397967799999996,8.546163199999999,3.213,2.997,0.426,1.812
17.83,3,102.292,47.397967699999995,8.5461633,3.213,2.997,0.414,1.823
17.851,3,102.292,47.397967699999995,8.5461633,3.213,2.997,0.414,1.823
17.87,3,102.292,47.3979676,8.5461633,3.213,2.997,0.409,1.828
17.891,3,102.292,47.3979676,8.5461634,3.213,2.997,0.403,1.835
17.91,3,102.292,47.3979675,8.5461634,3.213,2.997,0.398,1.84
17.93,3,102.292,47.3979675,8.5461635,3.213,2.997,0.391,1.847
17.951,3,102.292,47.3979674,8.5461635,3.213,2.997,0.386,1.852
17.97,3,102.292,47.3979674,8.5461635,3.213,2.997,0.386,1.852
17.99,3,102.292,47.3979673,8.5461636,3.213,2.997,0.375,1.864
18.01,3,102.292,47.3979673,8.5461636,3.213,2.998,0.375,1.864
18.03,3,102.292,47.3979672,8.5461637,3.213,2.998,0.364,1.875
18.05,3,102.292,47.3979672,8.5461637,3.214,2.998,0.364,1.875
18.071,3,102.292,47.397967099999995,8.5461638,3.214,2.998,0.353,1.887
18.09,3,102.292,47.397967099999995,8.5461638,3.214,2.998,0.353,1.887
18.11,3,102.292,47.397967,8.5461639,3.214,2.998,0.342,1.899
18.13,3,102.292,47.397967,8.5461639,3.214,2.998,0.342,1.899
18.15,3,102.292,47.3979669,8.546164,3.214,2.998,0.332,1.911
18.17,3,102.292,47.3979669,8.5461641,3.214,2.998,0.324,1.918
18.19,3,102.292,47.3979669,8.5461641,3.214,2.998,0.324,1.918
18.21,3,102.292,47.3979668,8.5461642,3.214,2.998,0.314,1.929
18.232,3,102.292,47.3979668,8.5461642,3.214,2.998,0.314,1.929
18.251,3,102.292,47.3979668,8.5461643,3.214,2.998,0.307,1.936
18.271,3,102.292,47.3979667,8.5461644,3.214,2.998,0.296,1.948
18.29,3,102.292,47.3979667,8.5461644,3.213,2.997,0.296,1.948
18.311,3,102.292,47.3979666,8.5461645,3.212,2.996,0.286,1.96
18.331,3,102.292,47.3979666,8.5461645,3.211,2.995,0.286,1.96
18.35,3,102.292,47.3979666,8.5461646,3.209,2.993,0.279,1.967
18.37,3,102.292,47.397966499999995,8.5461647,3.208,2.992,0.269,1.978
18.394,3,102.292,47.397966499999995,8.5461647,3.205,2.989,0.269,1.978
18.414,3,102.292,47.397966499999995,8.5461648,3.202,2.986,0.262,1.985
18.434,3,102.292,47.3979664,8.546164899999999,3.198,2.982,0.252,1.997
18.454,3,102.292,47.3979664,8.546164899999999,3.194,2.978,0.252,1.997
18.474,3,102.292,47.3979664,8.546165,3.188,2.973,0.245,2.004
18.494,3,102.292,47.3979663,8.5461651,3.184,2.968,0.236,2.016
18.514,3,102.292,47.3979663,8.5461651,3.176,2.96,0.236,2.016
18.534,3,102.292,47.3979663,8.546165199999999,3.171,2.955,0.228,2.022
18.555,3,102.292,47.3979662,8.5461653,3.161,2.945,0.219,2.034
18.574,3,102.292,47.3979662,8.5461653,3.154,2.938,0.219,2.034
18.594,3,102.292,47.3979662,8.5461654,3.143,2.927,0.212,2.041
18.614,3,102.292,47.3979661,8.546165499999999,3.135,2.919,0.204,2.053
18.634,3,102.292,47.3979661,8.546165499999999,3.121,2.905,0.204,2.053
18.654,3,102.292,47.3979661,8.5461656,3.111,2.896,0.196,2.059
18.674,3,102.292,47.397966,8.5461657,3.096,2.88,0.188,2.071
18.694,3,102.292,47.397966,8.5461657,3.085,2.87,0.188,2.071
18.717,3,102.292,47.397966,8.546165799999999,3.069,2.853,0.181,2.078
18.734,3,102.292,47.397966,8.546165799999999,3.057,2.841,0.181,2.078
18.755,3,102.292,47.397965899999996,8.5461659,3.039,2.823,0.173,2.09
18.775,3,102.292,47.397965899999996,8.546166,3.027,2.811,0.166,2.096
18.796,3,102.292,47.397965899999996,8.546166,3.008,2.792,0.166,2.096
18.814,3,102.292,47.397965799999994,8.546166099999999,2.995,2.779,0.16,2.108
18.834,3,102.292,47.397965799999994,8.5461662,2.976,2.76,0.152,2.115
18.854,3,102.292,47.397965799999994,8.5461662,2.963,2.747,0.152,2.115
18.874,3,102.292,47.397965799999994,8.5461663,2.944,2.728,0.145,2.121
18.897,3,102.292,47.397965799999994,8.5461663,2.931,2.715,0.145,2.121
18.914,3,102.292,47.3979657,8.546166399999999,2.911,2.696,0.14,2.133
18.935,3,102.292,47.3979657,8.546166399999999,2.899,2.683,0.14,2.133
18.955,3,102.292,47.3979657,8.5461665,2.88,2.664,0.132,2.14
18.975,3,102.292,47.3979657,8.5461665,2.867,2.652,0.132,2.14
18.994,3,102.292,47.3979657,8.5461666,2.849,2.633,0.125,2.147
19.014,3,102.292,47.3979656,8.5461666,2.837,2.621,0.128,2.152
19.034,3,102.292,47.3979656,8.546166699999999,2.82,2.604,0.121,2.159
19.058,3,102.292,47.3979656,8.546166699999999,2.808,2.592,0.121,2.159
19.075,3,102.292,47.3979656,8.5461668,2.792,2.576,0.114,2.165
19.094,3,102.292,47.3979656,8.5461668,2.781,2.565,0.114,2.165
19.114,3,102.292,47.3979656,8.5461668,2.765,2.549,0.114,2.165
19.134,3,102.292,47.3979656,8.5461669,2.754,2.538,0.107,2.172
19.155,3,102.292,47.3979656,8.5461669,2.739,2.523,0.107,2.172
19.174,3,102.292,47.3979656,8.5461669,2.729,2.513,0.107,2.172
19.194,3,102.292,47.3979655,8.546166999999999,2.714,2.498,0.106,2.184
19.214,3,102.292,47.3979655,8.546166999999999,2.704,2.488,0.106,2.184
19.235,3,102.292,47.3979655,8.546166999999999,2.689,2.474,0.106,2.184
19.254,3,102.292,47.3979655,8.5461671,2.68,2.464,0.1,2.19
19.274,3,102.292,47.3979655,8.5461671,2.665,2.45,0.1,2.19
19.294,3,102.292,47.3979655,8.5461671,2.656,2.44,0.1,2.19
19.315,3,102.292,47.3979655,8.5461672,2.641,2.426,0.094,2.197
19.334,3,102.292,47.3979655,8.5461672,2.632,2.416,0.094,2.197
19.355,3,102.292,47.3979655,8.5461672,2.618,2.402,0.094,2.197
19.374,3,102.292,47.3979655,8.5461672,2.608,2.392,0.094,2.197
19.394,3,102.292,47.3979655,8.5461673,2.594,2.378,0.088,2.203
19.415,3,102.292,47.3979655,8.5461673,2.585,2.369,0.088,2.203
19.434,3,102.292,47.3979655,8.5461673,2.57,2.354,0.088,2.203
19.454,3,102.292,47.3979656,8.5461673,2.561,2.345,0.081,2.198
19.474,3,102.292,47.3979656,8.5461674,2.547,2.331,0.075,2.205
19.495,3,102.292,47.3979656,8.5461674,2.537,2.321,0.075,2.205
19.514,3,102.292,47.3979656,8.5461674,2.523,2.307,0.075,2.205
19.534,3,102.292,47.3979656,8.5461674,2.514,2.298,0.075,2.205
19.555,3,102.292,47.3979656,8.5461674,2.499,2.283,0.075,2.205
19.574,3,102.292,47.3979656,8.5461675,2.49,2.274,0.069,2.211
19.594,3,102.292,47.3979656,8.5461675,2.475,2.26,0.069,2.211
19.614,3,102.292,47.3979656,8.5461675,2.466,2.25,0.069,2.211
19.634,3,102.292,47.3979656,8.5461675,2.451,2.236,0.069,2.211
19.654,3,102.292,47.3979656,8.5461675,2.442,2.226,0.069,2.211
19.674,3,102.292,47.3979656,8.5461676,2.427,2.211,0.063,2.218
19.694,3,102.292,47.3979656,8.5461676,2.417,2.202,0.063,2.218
19.715,3,102.292,47.3979656,8.5461676,2.403,2.187,0.063,2.218
19.734,3,102.292,47.3979656,8.5461676,2.393,2.177,0.063,2.218
19.754,3,102.292,47.3979656,8.5461676,2.378,2.162,0.063,2.218
19.777,3,102.292,47.3979656,8.5461676,2.368,2.152,0.063,2.218
19.794,3,102.292,47.3979656,8.5461677,2.353,2.137,0.058,2.225
19.814,3,102.292,47.3979656,8.5461677,2.342,2.127,0.058,2.225
19.834,3,102.292,47.3979656,8.5461677,2.327,2.111,0.058,2.225
19.855,3,102.292,47.3979656,8.5461677,2.317,2.101,0.058,2.225
19.874,3,102.292,47.3979657,8.5461677,2.302,2.086,0.05,2.22
19.895,3,102.292,47.3979657,8.5461677,2.291,2.075,0.05,2.22
19.915,3,102.292,47.3979657,8.5461677,2.275,2.06,0.05,2.22
19.934,3,102.292,47.3979657,8.5461677,2.265,2.049,0.05,2.22
19.954,3,102.292,47.3979657,8.5461677,2.249,2.033,0.05,2.22
19.974,3,102.292,47.3979657,8.5461678,2.239,2.023,0.045,2.226
19.994,3,102.292,47.3979657,8.5461678,2.223,2.007,0.045,2.226
20.015,3,102.292,47.3979657,8.5461678,2.212,1.996,0.045,2.226
20.034,3,102.292,47.3979657,8.5461678,2.196,1.98,0.045,2.226
20.055,3,102.292,47.3979657,8.5461678,2.185,1.969,0.045,2.226
20.074,3,102.292,47.3979657,8.5461678,2.169,1.953,0.045,2.226
20.095,3,102.292,47.3979657,8.5461678,2.158,1.942,0.045,2.226
20.116,3,102.292,47.3979657,8.5461678,2.142,1.926,0.045,2.226
20.134,3,102.292,47.3979657,8.5461678,2.131,1.915,0.045,2.226
20.154,3,102.292,47.3979657,8.5461678,2.114,1.899,0.045,2.226
20.174,3,102.292,47.3979657,8.5461678,2.104,1.888,0.045,2.226
20.194,3,102.292,47.3979657,8.5461679,2.087,1.871,0.04,2.233
20.214,3,102.292,47.3979657,8.5461679,2.076,1.86,0.04,2.233
20.234,3,102.292,47.3979657,8.5461679,2.06,1.844,0.04,2.233
20.254,3,102.292,47.3979657,8.5461679,2.049,1.833,0.04,2.233
20.275,3,102.292,47.3979657,8.5461679,2.032,1.817,0.04,2.233
20.295,3,102.292,47.3979657,8.5461679,2.021,1.806,0.04,2.233
20.314,3,102.292,47.3979657,8.5461679,2.005,1.789,0.04,2.233
20.334,3,102.292,47.3979657,8.5461679,1.994,1.778,0.04,2.233
20.355,3,102.292,47.3979657,8.546168,1.978,1.762,0.037,2.24
20.374,3,102.292,47.3979657,8.546168,1.967,1.751,0.037,2.24
20.394,3,102.292,47.3979657,8.546168,1.95,1.734,0.037,2.24
20.415,3,102.292,47.3979657,8.546168,1.939,1.723,0.037,2.24
20.434,3,102.292,47.3979657,8.546168,1.923,1.707,0.037,2.24
20.455,3,102.292,47.3979657,8.546168,1.912,1.696,0.037,2.24
20.474,3,102.292,47.3979657,8.546168,1.895,1.679,0.037,2.24
20.494,3,102.292,47.3979657,8.546168,1.884,1.668,0.037,2.24
20.514,3,102.292,47.3979657,8.5461681,1.868,1.652,0.034,2.246
20.534,3,102.292,47.3979657,8.5461681,1.857,1.641,0.034,2.246
20.554,3,102.292,47.3979657,8.5461681,1.84,1.625,0.034,2.246
20.574,3,102.292,47.3979657,8.5461681,1.83,1.614,0.034,2.246
20.594,3,102.292,47.3979657,8.5461681,1.813,1.597,0.034,2.246
20.614,3,102.292,47.3979657,8.5461681,1.802,1.586,0.034,2.246
20.634,3,102.292,47.3979657,8.5461681,1.786,1.57,0.034,2.246
20.654,3,102.292,47.3979657,8.5461681,1.775,1.559,0.034,2.246
20.674,3,102.292,47.3979657,8.5461681,1.758,1.542,0.034,2.246
20.694,3,102.292,47.3979656,8.5461681,1.747,1.531,0.045,2.251
20.714,3,102.292,47.3979656,8.5461682,1.731,1.515,0.044,2.258
20.734,3,102.292,47.3979656,8.5461682,1.719,1.504,0.044,2.258
20.754,3,102.292,47.3979656,8.5461682,1.703,1.487,0.044,2.258
20.774,3,102.292,47.3979656,8.5461682,1.692,1.476,0.044,2.258
20.794,3,102.292,47.3979656,8.5461682,1.675,1.459,0.044,2.258
20.814,3,102.292,47.3979656,8.5461682,1.664,1.448,0.044,2.258
20.834,3,102.292,47.3979656,8.5461682,1.647,1.431,0.044,2.258
20.854,3,102.292,47.3979656,8.5461682,1.636,1.42,0.044,2.258
20.876,3,102.292,47.3979656,8.5461682,1.619,1.403,0.044,2.258
20.894,3,102.292,47.3979656,8.5461682,1.608,1.392,0.044,2.258
20.914,3,102.292,47.3979656,8.5461683,1.591,1.375,0.045,2.265
20.934,3,102.292,47.3979656,8.5461683,1.579,1.364,0.045,2.265
20.955,3,102.292,47.3979656,8.5461683,1.563,1.347,0.045,2.265
20.975,3,102.292,47.3979656,8.5461683,1.551,1.335,0.045,2.265
20.994,3,102.292,47.3979656,8.5461683,1.534,1.318,0.045,2.265
21.015,3,102.292,47.3979657,8.5461683,1.523,1.307,0.034,2.26
21.034,3,102.292,47.3979657,8.5461683,1.506,1.29,0.034,2.26
21.055,3,102.292,47.3979657,8.5461683,1.495,1.279,0.034,2.26
21.075,3,102.292,47.3979657,8.5461683,1.478,1.262,0.034,2.26
21.094,3,102.292,47.3979657,8.5461683,1.467,1.251,0.034,2.26
21.114,3,102.292,47.3979657,8.5461683,1.45,1.234,0.034,2.26
21.134,3,102.292,47.3979657,8.5461683,1.438,1.223,0.034,2.26
21.156,3,102.292,47.3979657,8.5461683,1.422,1.206,0.034,2.26
21.174,3,102.292,47.3979657,8.546168399999999,1.41,1.195,0.037,2.266
21.195,3,102.292,47.3979657,8.546168399999999,1.393,1.178,0.037,2.266
21.214,3,102.292,47.3979657,8.546168399999999,1.382,1.166,0.037,2.266
21.234,3,102.292,47.3979657,8.546168399999999,1.365,1.149,0.037,2.266
21.254,3,102.292,47.3979657,8.546168399999999,1.354,1.138,0.037,2.266
21.274,3,102.292,47.3979657,8.546168399999999,1.337,1.121,0.037,2.266
21.294,3,102.292,47.3979657,8.546168399999999,1.326,1.11,0.037,2.266
21.315,3,102.292,47.3979657,8.546168399999999,1.309,1.093,0.037,2.266
21.334,3,102.292,47.3979657,8.546168399999999,1.298,1.082,0.037,2.266
21.355,3,102.292,47.397965799999994,8.546168399999999,1.281,1.065,0.027,2.261
21.375,3,102.292,47.397965799999994,8.546168399999999,1.269,1.054,0.027,2.261
21.394,3,102.292,47.397965799999994,8.546168399999999,1.253,1.037,0.027,2.261
21.414,3,102.292,47.397965799999994,8.546168399999999,1.241,1.025,0.027,2.261
21.434,3,102.292,47.397965799999994,8.546168399999999,1.224,1.008,0.027,2.261
21.455,3,102.292,47.397965799999994,8.5461685,1.213,0.997,0.032,2.268
21.474,3,102.292,47.397965799999994,8.5461685,1.196,0.98,0.032,2.268
21.494,3,102.292,47.397965799999994,8.5461685,1.185,0.969,0.032,2.268
21.519,3,102.292,47.397965799999994,8.5461685,1.168,0.952,0.032,2.268
21.539,3,102.292,47.397965799999994,8.5461685,1.157,0.941,0.032,2.268
21.559,3,102.292,47.397965799999994,8.5461685,1.14,0.924,0.032,2.268
21.578,3,102.292,47.397965799999994,8.5461685,1.129,0.913,0.032,2.268
21.598,3,102.292,47.397965799999994,8.5461685,1.112,0.896,0.032,2.268
21.618,3,102.292,47.397965799999994,8.5461685,1.101,0.885,0.032,2.268
21.638,3,102.292,47.397965799999994,8.5461686,1.084,0.868,0.037,2.275
21.659,3,102.292,47.397965899999996,8.5461686,1.073,0.857,0.032,2.27
21.682,3,102.292,47.397965899999996,8.5461686,1.056,0.84,0.032,2.27
21.698,3,102.292,47.397965899999996,8.5461686,1.044,0.829,0.032,2.27
21.719,3,102.292,47.397965899999996,8.5461686,1.027,0.812,0.032,2.27
21.739,3,102.292,47.397965899999996,8.5461686,1.016,0.8,0.032,2.27
21.759,3,102.292,47.397965899999996,8.5461686,0.999,0.783,0.032,2.27
21.778,3,102.292,47.397965899999996,8.546168699999999,0.988,0.772,0.039,2.276
21.798,3,102.292,47.397965899999996,8.546168699999999,0.971,0.755,0.039,2.276
21.818,3,102.292,47.397965899999996,8.546168699999999,0.959,0.743,0.039,2.276
21.838,3,102.292,47.397965899999996,8.546168699999999,0.942,0.726,0.039,2.276
21.859,3,102.292,47.397965899999996,8.546168699999999,0.931,0.715,0.039,2.276
21.88,3,102.292,47.397965899999996,8.546168699999999,0.914,0.698,0.039,2.276
21.899,3,102.292,47.397965899999996,8.5461688,0.903,0.687,0.047,2.283
21.918,3,102.292,47.397965899999996,8.5461688,0.886,0.67,0.047,2.283
21.938,3,102.292,47.397965899999996,8.5461688,0.874,0.658,0.047,2.283
21.959,3,102.292,47.397965899999996,8.5461688,0.857,0.641,0.047,2.283
21.978,3,102.292,47.397965899999996,8.5461688,0.846,0.63,0.047,2.283
21.998,3,102.292,47.397965899999996,8.5461688,0.829,0.613,0.047,2.283
22.018,3,102.292,47.397965899999996,8.5461689,0.818,0.602,0.054,2.29
22.038,3,102.292,47.397966,8.5461689,0.801,0.585,0.053,2.285
22.059,3,102.292,47.397966,8.5461689,0.789,0.573,0.053,2.285
22.078,3,102.292,47.397966,8.5461689,0.772,0.556,0.053,2.285
22.099,3,102.292,47.397966,8.5461689,0.761,0.545,0.053,2.285
22.118,3,102.292,47.397966,8.5461689,0.744,0.528,0.053,2.285
22.139,3,102.292,47.397966,8.546168999999999,0.732,0.517,0.06,2.292
22.159,3,102.292,47.397966,8.546168999999999,0.715,0.5,0.06,2.292
22.178,3,102.292,47.397966,8.546168999999999,0.704,0.488,0.06,2.292
22.198,3,102.292,47.397966,8.546168999999999,0.687,0.471,0.06,2.292
22.218,3,102.292,47.397966,8.546168999999999,0.676,0.46,0.06,2.292
22.239,3,102.292,47.397966,8.5461691,0.659,0.443,0.068,2.299
22.259,3,102.292,47.397966,8.5461691,0.648,0.432,0.068,2.299
22.279,3,102.292,47.397966,8.5461691,0.631,0.415,0.068,2.299
22.298,3,102.292,47.397966,8.5461691,0.62,0.404,0.068,2.299
22.318,3,102.292,47.397966,8.5461691,0.603,0.388,0.068,2.299
22.338,3,102.292,47.397966,8.5461691,0.592,0.376,0.068,2.299
22.358,3,102.292,47.397966,8.5461691,0.575,0.36,0.068,2.299
22.378,3,102.292,47.3979661,8.5461692,0.564,0.348,0.076,2.301
22.398,3,102.292,47.3979661,8.5461692,0.547,0.332,0.076,2.301
22.419,3,102.292,47.3979661,8.5461692,0.536,0.32,0.076,2.301
22.439,3,102.292,47.3979661,8.5461692,0.519,0.304,0.076,2.301
22.459,3,102.292,47.3979661,8.5461692,0.508,0.292,0.076,2.301
22.478,3,102.292,47.3979661,8.5461692,0.491,0.276,0.076,2.301
22.498,3,102.292,47.3979661,8.5461692,0.48,0.264,0.076,2.301
22.518,3,102.292,47.3979661,8.5461692,0.463,0.248,0.076,2.301
22.538,3,102.292,47.3979661,8.546169299999999,0.452,0.236,0.084,2.307
22.559,3,102.292,47.3979661,8.546169299999999,0.435,0.22,0.084,2.307
22.578,3,102.292,47.3979661,8.546169299999999,0.424,0.208,0.084,2.307
22.599,3,102.292,47.3979661,8.546169299999999,0.407,0.191,0.084,2.307
22.619,3,102.292,47.3979661,8.546169299999999,0.396,0.18,0.084,2.307
22.639,3,102.292,47.3979661,8.546169299999999,0.379,0.163,0.084,2.307
22.659,3,102.292,47.3979661,8.546169299999999,0.368,0.152,0.084,2.307
22.678,3,102.292,47.3979662,8.546169299999999,0.351,0.135,0.086,2.303
22.699,3,102.292,47.3979662,8.546169299999999,0.34,0.124,0.086,2.303
22.718,3,102.292,47.3979662,8.546169299999999,0.323,0.107,0.086,2.303
22.738,3,102.292,47.3979662,8.546169299999999,0.311,0.096,0.086,2.303
22.758,3,102.292,47.3979662,8.546169299999999,0.294,0.079,0.086,2.303
22.778,3,102.292,47.3979662,8.546169299999999,0.283,0.067,0.086,2.303
22.799,3,102.292,47.3979662,8.546169299999999,0.266,0.05,0.086,2.303
22.818,3,102.292,47.3979662,8.546169299999999,0.255,0.039,0.086,2.303
22.839,3,102.292,47.3979662,8.546169299999999,0.238,0.022,0.086,2.303
22.859,3,102.292,47.3979662,8.546169299999999,0.226,0.011,0.086,2.303
22.878,3,102.292,47.3979662,8.546169299999999,0.209,-0.005,0.086,2.303
22.898,3,102.292,47.3979662,8.546169299999999,0.198,-0.017,0.086,2.303
22.918,3,102.292,47.3979662,8.546169299999999,0.181,-0.034,0.086,2.303
22.938,3,102.292,47.3979662,8.546169299999999,0.175,-0.04,0.086,2.303
22.962,3,102.292,47.3979662,8.546169299999999,0.175,-0.04,0.086,2.303
22.979,3,102.292,47.3979662,8.546169299999999,0.175,-0.04,0.086,2.303
22.999,3,102.292,47.3979662,8.546169299999999,0.176,-0.039,0.086,2.303
23.019,3,102.292,47.3979662,8.546169299999999,0.177,-0.038,0.086,2.303
23.039,3,102.292,47.3979662,8.546169299999999,0.179,-0.036,0.086,2.303
23.059,3,102.292,47.3979662,8.546169299999999,0.181,-0.034,0.086,2.303
23.078,3,102.292,47.3979662,8.546169299999999,0.184,-0.031,0.086,2.303
23.098,3,102.292,47.3979663,8.546169299999999,0.186,-0.029,0.089,2.298
23.118,3,102.292,47.3979663,8.546169299999999,0.188,-0.026,0.089,2.298
23.139,3,102.292,47.3979663,8.546169299999999,0.19,-0.025,0.089,2.298
23.158,3,102.292,47.3979663,8.546169299999999,0.193,-0.022,0.089,2.298
23.179,3,102.292,47.3979663,8.546169299999999,0.194,-0.021,0.089,2.298
23.199,3,102.292,47.3979663,8.546169299999999,0.196,-0.018,0.089,2.298
23.219,3,102.292,47.3979663,8.546169299999999,0.198,-0.017,0.089,2.298
23.238,3,102.292,47.3979663,8.546169299999999,0.2,-0.015,0.089,2.298
23.258,3,102.292,47.3979663,8.546169299999999,0.201,-0.014,0.089,2.298
23.278,3,102.292,47.3979663,8.546169299999999,0.203,-0.012,0.089,2.298
23.298,3,102.292,47.3979663,8.546169299999999,0.204,-0.011,0.089,2.298
23.319,3,102.292,47.3979663,8.546169299999999,0.206,-0.009,0.089,2.298
23.338,3,102.292,47.3979663,8.546169299999999,0.207,-0.008,0.089,2.298
23.359,3,102.292,47.3979663,8.546169299999999,0.208,-0.007,0.089,2.298
23.378,3,102.292,47.3979663,8.5461694,0.209,-0.006,0.096,2.305
23.399,3,102.292,47.3979663,8.5461694,0.21,-0.004,0.096,2.305
23.418,3,102.292,47.3979663,8.5461694,0.211,-0.003,0.096,2.305
23.438,3,102.292,47.3979663,8.5461694,0.213,-0.002,0.096,2.305
23.459,3,102.292,47.3979663,8.5461694,0.214,-0.001,0.096,2.305
23.478,3,102.292,47.3979663,8.5461694,0.215,0.0,0.096,2.305
23.499,3,102.292,47.3979663,8.5461694,0.216,0.0,0.096,2.305
23.518,3,102.292,47.3979663,8.5461694,0.217,0.001,0.096,2.305
23.539,3,102.292,47.3979663,8.5461694,0.218,0.002,0.096,2.305
23.559,3,102.292,47.3979663,8.5461694,0.219,0.003,0.096,2.305
23.58,3,102.292,47.3979663,8.5461694,0.22,0.004,0.096,2.305
23.599,3,102.292,47.3979663,8.5461694,0.221,0.005,0.096,2.305
23.618,3,102.292,47.3979663,8.5461694,0.222,0.006,0.096,2.305
23.638,3,102.292,47.3979663,8.5461694,0.223,0.007,0.096,2.305
23.658,3,102.292,47.3979663,8.5461694,0.224,0.008,0.096,2.305
23.678,3,102.292,47.3979664,8.5461694,0.225,0.009,0.101,2.3
23.698,3,102.292,47.3979664,8.5461694,0.226,0.01,0.101,2.3
23.718,3,102.292,47.3979664,8.5461694,0.227,0.011,0.101,2.3
23.739,3,102.292,47.3979664,8.5461694,0.228,0.012,0.101,2.3
23.759,3,102.292,47.3979664,8.5461694,0.229,0.013,0.101,2.3
23.778,3,102.292,47.3979664,8.5461694,0.229,0.014,0.101,2.3
23.798,3,102.292,47.3979664,8.5461695,0.23,0.015,0.107,2.307
23.818,3,102.292,47.3979664,8.5461695,0.231,0.015,0.107,2.307
23.838,3,102.292,47.3979664,8.5461695,0.232,0.016,0.107,2.307
23.862,3,102.292,47.3979664,8.5461695,0.233,0.017,0.107,2.307
23.878,3,102.292,47.3979664,8.5461695,0.234,0.018,0.107,2.307
23.898,3,102.292,47.3979664,8.5461695,0.234,0.018,0.107,2.307
23.918,3,102.292,47.3979664,8.5461695,0.235,0.019,0.107,2.307
23.939,3,102.292,47.3979664,8.5461695,0.235,0.02,0.107,2.307
23.958,3,102.292,47.3979664,8.5461695,0.236,0.02,0.107,2.307
23.978,3,102.292,47.3979664,8.5461695,0.237,0.021,0.107,2.307
23.998,3,102.292,47.3979664,8.5461695,0.237,0.021,0.107,2.307
24.021,3,102.292,47.3979664,8.5461695,0.238,0.022,0.107,2.307
24.038,3,102.292,47.3979664,8.5461695,0.238,0.022,0.107,2.307
24.058,3,102.292,47.3979664,8.5461695,0.239,0.023,0.107,2.307
24.079,3,102.292,47.3979664,8.5461695,0.239,0.023,0.107,2.307
24.1,3,102.292,47.3979664,8.5461695,0.239,0.023,0.107,2.307
24.119,3,102.292,47.3979664,8.5461695,0.24,0.024,0.107,2.307
24.138,3,102.292,47.3979664,8.5461695,0.24,0.024,0.107,2.307
24.158,3,102.292,47.3979664,8.5461695,0.24,0.024,0.107,2.307
24.178,3,102.292,47.3979664,8.5461695,0.24,0.025,0.107,2.307
24.198,3,102.292,47.3979664,8.5461695,0.241,0.025,0.107,2.307
24.218,3,102.292,47.3979664,8.5461695,0.241,0.025,0.107,2.307
24.238,3,102.292,47.3979664,8.5461695,0.241,0.025,0.107,2.307
24.258,3,102.292,47.3979664,8.546169599999999,0.241,0.025,0.114,2.314
24.278,3,102.292,47.3979664,8.546169599999999,0.242,0.026,0.114,2.314
24.298,3,102.292,47.3979664,8.546169599999999,0.242,0.026,0.114,2.314
24.318,3,102.292,47.3979664,8.546169599999999,0.242,0.026,0.114,2.314
24.338,3,102.292,47.3979664,8.546169599999999,0.242,0.026,0.114,2.314
24.358,3,102.292,47.3979664,8.546169599999999,0.242,0.026,0.114,2.314
24.378,3,102.292,47.3979664,8.546169599999999,0.242,0.026,0.114,2.314
24.398,3,102.292,47.3979664,8.546169599999999,0.242,0.026,0.114,2.314
24.418,3,102.292,47.3979664,8.546169599999999,0.242,0.026,0.114,2.314
24.439,3,102.292,47.3979664,8.546169599999999,0.242,0.026,0.114,2.314
24.461,3,102.292,47.3979663,8.546169599999999,0.242,0.026,0.111,2.318
24.479,3,102.292,47.3979663,8.546169599999999,0.242,0.026,0.111,2.318
24.499,3,102.292,47.3979663,8.546169599999999,0.242,0.026,0.111,2.318
24.519,3,102.292,47.3979663,8.546169599999999,0.242,0.026,0.111,2.318
24.539,3,102.292,47.3979663,8.546169599999999,0.242,0.026,0.111,2.318
24.559,3,102.292,47.3979663,8.546169599999999,0.242,0.026,0.111,2.318
24.578,3,102.292,47.3979663,8.546169599999999,0.242,0.026,0.111,2.318
24.598,3,102.292,47.3979663,8.546169599999999,0.242,0.026,0.111,2.318
24.619,3,102.292,47.3979663,8.546169599999999,0.242,0.026,0.111,2.318
24.638,3,102.292,47.3979663,8.546169599999999,0.242,0.026,0.111,2.318
24.659,3,102.292,47.3979663,8.546169599999999,0.242,0.027,0.111,2.318
24.679,3,102.292,47.3979663,8.546169599999999,0.242,0.027,0.111,2.318
24.699,3,102.292,47.3979663,8.546169599999999,0.242,0.027,0.111,2.318
24.718,3,102.292,47.3979663,8.546169599999999,0.242,0.027,0.111,2.318
24.738,3,102.292,47.3979663,8.546169599999999,0.242,0.027,0.111,2.318
24.759,3,102.292,47.3979663,8.546169599999999,0.242,0.027,0.111,2.318
24.778,3,102.292,47.3979663,8.546169599999999,0.242,0.026,0.111,2.318
24.798,3,102.292,47.3979663,8.546169599999999,0.242,0.026,0.111,2.318
24.82,3,102.292,47.3979663,8.546169599999999,0.242,0.026,0.111,2.318
24.839,3,102.292,47.3979663,8.546169599999999,0.242,0.026,0.111,2.318
24.859,3,102.292,47.3979663,8.546169599999999,0.242,0.026,0.111,2.318
24.879,3,102.292,47.3979663,8.546169599999999,0.242,0.026,0.111,2.318
24.899,3,102.292,47.3979663,8.546169599999999,0.242,0.026,0.111,2.318
24.918,3,102.292,47.3979663,8.546169599999999,0.241,0.026,0.111,2.318
24.938,3,102.292,47.3979663,8.546169599999999,0.241,0.025,0.111,2.318
24.959,3,102.292,47.3979663,8.546169599999999,0.241,0.025,0.111,2.318
24.978,3,102.292,47.3979662,8.546169599999999,0.241,0.025,0.108,2.323
24.998,3,102.292,47.3979662,8.546169599999999,0.24,0.025,0.108,2.323
25.018,3,102.292,47.3979662,8.546169599999999,0.24,0.024,0.108,2.323
